{"type":"FeatureCollection","features":[{"type":"Feature","geometry":{"type":"MultiPolygon","coordinates":[[[[-78.019,62.591],[-77.867,62.589],[-77.837,62.556],[-78.103,62.559],[-78.107,62.582],[-78.019,62.591]]],[[[-69.182,59.128],[-69.198,59.067],[-69.132,59.055],[-69.221,58.991],[-69.223,58.953],[-69.29,58.977],[-69.355,58.949],[-69.278,59.066],[-69.357,59.139],[-69.275,59.154],[-69.182,59.128]]],[[[-79.496,56.766],[-79.486,56.658],[-79.523,56.667],[-79.567,56.615],[-79.583,56.652],[-79.549,56.681],[-79.551,56.731],[-79.589,56.768],[-79.581,56.807],[-79.496,56.766]]],[[[-78.9,56.319],[-79.061,56.124],[-79.21,55.856],[-79.188,55.942],[-78.986,56.267],[-78.983,56.389],[-79.055,56.344],[-79.1,56.221],[-79.048,56.222],[-79.061,56.188],[-79.283,55.864],[-79.133,56.126],[-79.15,56.233],[-79.243,56.151],[-79.36,55.969],[-79.493,55.858],[-79.636,55.898],[-79.785,55.788],[-79.474,56.098],[-79.513,56.134],[-79.597,56.091],[-79.877,55.831],[-79.906,55.824],[-79.947,55.889],[-80.024,55.901],[-79.744,56.156],[-79.529,56.275],[-79.475,56.38],[-79.456,56.553],[-79.419,56.443],[-79.48,56.346],[-79.491,56.264],[-79.609,56.131],[-79.427,56.203],[-79.301,56.447],[-79.269,56.624],[-79.252,56.55],[-79.133,56.542],[-79.075,56.444],[-78.928,56.425],[-78.908,56.343],[-78.951,56.316],[-78.9,56.319]]],[[[-79.555,56.498],[-79.701,56.306],[-79.986,56.199],[-80.109,56.197],[-80.044,56.31],[-79.869,56.331],[-79.877,56.379],[-79.698,56.368],[-79.614,56.431],[-79.585,56.499],[-79.543,56.527],[-79.555,56.498]]],[[[-78.66,56.414],[-78.676,56.181],[-78.933,56.115],[-78.916,56.172],[-78.825,56.262],[-78.845,56.276],[-78.809,56.338],[-78.832,56.35],[-78.731,56.44],[-78.667,56.439],[-78.66,56.414]]],[[[-79.009,56.063],[-78.957,56.083],[-78.948,56.037],[-79.002,56.012],[-78.934,56.02],[-79.002,55.979],[-79.054,55.865],[-79.135,55.789],[-79.03,55.968],[-79.009,56.063]]],[[[-63.492,49.84],[-62.944,49.732],[-62.51,49.59],[-62.393,49.492],[-62.251,49.456],[-62.205,49.411],[-61.875,49.344],[-61.661,49.144],[-61.7,49.09],[-61.813,49.066],[-62.242,49.062],[-62.456,49.125],[-63.09,49.228],[-63.283,49.317],[-63.582,49.387],[-63.619,49.492],[-63.841,49.639],[-64.238,49.751],[-64.362,49.824],[-64.389,49.789],[-64.513,49.863],[-64.458,49.9],[-64.203,49.95],[-63.93,49.885],[-63.492,49.84]]],[[[-61.407,47.641],[-61.38,47.62],[-61.493,47.552],[-61.549,47.553],[-61.47,47.616],[-61.541,47.617],[-61.69,47.534],[-61.711,47.518],[-61.855,47.417],[-61.777,47.431],[-61.674,47.535],[-61.594,47.555],[-61.701,47.491],[-61.763,47.397],[-61.829,47.401],[-61.86,47.352],[-61.933,47.333],[-61.957,47.261],[-61.908,47.272],[-61.819,47.233],[-61.783,47.26],[-61.799,47.232],[-61.859,47.217],[-62.009,47.221],[-61.928,47.407],[-61.535,47.631],[-61.407,47.641]]],[[[-70.814,46.998],[-70.904,46.913],[-71.13,46.856],[-70.896,47.013],[-70.836,47.027],[-70.814,46.998]]],[[[-57.104,51.412],[-57.208,51.415],[-57.247,51.504],[-57.602,51.428],[-57.581,51.465],[-57.676,51.429],[-57.684,51.476],[-57.748,51.472],[-57.764,51.401],[-57.8,51.433],[-58.021,51.308],[-58.227,51.271],[-58.261,51.288],[-58.249,51.332],[-58.283,51.335],[-58.297,51.268],[-58.43,51.309],[-58.58,51.244],[-58.628,51.275],[-58.619,51.231],[-58.667,51.256],[-58.68,51.234],[-58.592,51.184],[-58.618,51.153],[-58.837,51.082],[-58.829,51.041],[-58.889,50.992],[-58.913,51],[-58.898,51.053],[-59.003,51.015],[-58.952,50.992],[-58.958,50.921],[-58.939,50.883],[-58.975,50.857],[-58.948,50.828],[-59.029,50.775],[-59.015,50.748],[-59.087,50.775],[-59.093,50.82],[-59.055,50.87],[-59.098,50.879],[-59.118,50.803],[-59.193,50.729],[-59.256,50.759],[-59.268,50.712],[-59.35,50.662],[-59.423,50.661],[-59.404,50.634],[-59.454,50.621],[-59.585,50.478],[-59.816,50.433],[-59.881,50.371],[-59.853,50.326],[-59.814,50.349],[-59.833,50.319],[-59.948,50.255],[-60.114,50.233],[-60.134,50.203],[-60.132,50.229],[-60.172,50.231],[-60.149,50.288],[-60.243,50.232],[-60.267,50.236],[-60.236,50.268],[-60.274,50.288],[-60.291,50.245],[-60.36,50.25],[-60.356,50.223],[-60.448,50.259],[-60.583,50.208],[-60.619,50.246],[-60.666,50.22],[-60.748,50.234],[-60.788,50.201],[-60.84,50.219],[-60.792,50.261],[-60.934,50.193],[-61.026,50.225],[-61.112,50.187],[-61.155,50.202],[-61.162,50.177],[-61.297,50.199],[-61.72,50.091],[-61.783,50.106],[-61.593,50.155],[-61.577,50.186],[-61.79,50.133],[-61.849,50.212],[-62.21,50.234],[-62.397,50.294],[-62.446,50.257],[-62.736,50.282],[-62.712,50.315],[-62.805,50.288],[-62.963,50.285],[-62.994,50.311],[-63.163,50.291],[-63.159,50.254],[-63.358,50.241],[-63.394,50.213],[-63.488,50.261],[-63.597,50.25],[-63.812,50.313],[-64.162,50.262],[-64.455,50.319],[-64.872,50.267],[-64.913,50.292],[-65.189,50.286],[-65.258,50.318],[-65.713,50.257],[-65.952,50.288],[-66.056,50.216],[-66.093,50.244],[-66.089,50.191],[-66.235,50.218],[-66.369,50.193],[-66.441,50.269],[-66.543,50.208],[-66.527,50.169],[-66.427,50.164],[-66.459,50.133],[-66.638,50.181],[-66.619,50.149],[-66.741,50.042],[-66.958,49.974],[-66.963,49.914],[-67.037,49.82],[-67.073,49.848],[-67.151,49.806],[-67.179,49.745],[-67.163,49.679],[-67.198,49.651],[-67.238,49.59],[-67.233,49.47],[-67.386,49.322],[-67.569,49.329],[-67.809,49.273],[-67.957,49.295],[-68.119,49.271],[-68.156,49.201],[-68.299,49.195],[-68.192,49.164],[-68.189,49.112],[-68.325,49.099],[-68.408,49.055],[-68.444,49.059],[-68.367,49.132],[-68.443,49.191],[-68.404,49.122],[-68.606,49.042],[-68.643,48.956],[-68.696,48.939],[-68.642,48.916],[-68.787,48.907],[-68.956,48.815],[-68.966,48.782],[-69.06,48.767],[-69.142,48.594],[-69.231,48.585],[-69.292,48.457],[-69.432,48.307],[-69.576,48.239],[-69.683,48.137],[-69.81,48.155],[-69.959,48.269],[-70.151,48.274],[-70.373,48.374],[-70.684,48.381],[-70.761,48.431],[-70.98,48.462],[-71.07,48.44],[-70.969,48.447],[-70.785,48.395],[-70.887,48.358],[-70.864,48.317],[-70.768,48.35],[-70.464,48.349],[-70.272,48.298],[-70.18,48.241],[-69.936,48.221],[-69.86,48.143],[-69.73,48.109],[-69.925,47.773],[-70.139,47.659],[-70.206,47.576],[-70.225,47.496],[-70.5,47.434],[-70.574,47.274],[-70.721,47.101],[-70.973,47.003],[-71.197,46.852],[-71.299,46.742],[-71.143,46.844],[-71.006,46.847],[-70.541,47.002],[-70.339,47.152],[-70.201,47.312],[-70.044,47.39],[-70.017,47.487],[-69.896,47.541],[-69.545,47.832],[-69.556,47.866],[-69.45,47.979],[-69.341,48.014],[-68.823,48.363],[-68.726,48.372],[-68.541,48.451],[-68.453,48.532],[-68.058,48.691],[-67.973,48.695],[-67.553,48.854],[-67.067,48.966],[-66.639,49.12],[-66.225,49.2],[-65.722,49.227],[-65.588,49.26],[-64.942,49.214],[-64.588,49.112],[-64.235,48.91],[-64.158,48.756],[-64.298,48.823],[-64.557,48.88],[-64.473,48.832],[-64.539,48.821],[-64.401,48.816],[-64.374,48.787],[-64.428,48.774],[-64.336,48.755],[-64.16,48.622],[-64.269,48.604],[-64.279,48.554],[-64.189,48.52],[-64.309,48.463],[-64.315,48.419],[-64.719,48.338],[-64.693,48.311],[-64.771,48.196],[-64.966,48.184],[-64.945,48.143],[-65.269,48.012],[-65.455,48.0],[-65.504,48.048],[-65.81,48.116],[-65.891,48.171],[-65.893,48.219],[-66.08,48.096],[-66.293,48.113],[-66.268,48.095],[-66.293,48.063],[-66.47,48.119],[-66.538,48.055],[-66.843,47.996],[-66.943,47.963],[-66.946,47.899],[-67.047,47.93],[-67.188,47.883],[-67.322,47.896],[-67.364,47.841],[-67.604,47.936],[-67.612,47.997],[-68.116,48.001],[-68.12,47.926],[-68.372,47.924],[-68.378,47.654],[-68.38,47.558],[-68.576,47.424],[-69.039,47.297],[-69.047,47.421],[-69.23,47.453],[-69.985,46.691],[-70.014,46.57],[-70.047,46.426],[-70.191,46.334],[-70.283,46.19],[-70.229,46.137],[-70.305,46.066],[-70.28,46.053],[-70.31,45.968],[-70.247,45.944],[-70.254,45.898],[-70.416,45.79],[-70.396,45.722],[-70.552,45.66],[-70.72,45.512],[-70.635,45.391],[-70.797,45.425],[-70.829,45.39],[-70.813,45.354],[-70.843,45.278],[-70.876,45.225],[-70.959,45.338],[-71.087,45.301],[-71.153,45.237],[-71.297,45.293],[-71.386,45.234],[-71.447,45.236],[-71.403,45.202],[-71.43,45.116],[-71.503,45.059],[-71.505,45.013],[-71.902,45.007],[-72.547,45.005],[-73.188,45.008],[-73.345,45.006],[-74.021,44.99],[-74.736,44.992],[-74.506,45.071],[-74.433,45.149],[-74.324,45.201],[-74.479,45.316],[-74.396,45.564],[-74.646,45.635],[-74.875,45.641],[-75.453,45.523],[-75.847,45.372],[-76.076,45.513],[-76.184,45.521],[-76.337,45.455],[-76.607,45.552],[-76.666,45.59],[-76.71,45.712],[-76.783,45.761],[-76.804,45.864],[-76.91,45.889],[-76.92,45.806],[-77.002,45.79],[-77.206,45.877],[-77.278,45.937],[-77.321,46.026],[-77.554,46.151],[-77.68,46.183],[-78.703,46.337],[-78.755,46.4],[-78.95,46.511],[-79.155,46.812],[-79.305,46.94],[-79.443,47.11],[-79.439,47.265],[-79.576,47.441],[-79.511,47.565],[-79.519,48.605],[-79.52,48.764],[-79.537,50.958],[-79.355,50.777],[-79.348,50.731],[-79.33,50.758],[-79.383,50.836],[-79.421,50.88],[-79.537,50.982],[-79.539,51.191],[-79.547,51.46],[-79.508,51.468],[-79.551,51.553],[-79.353,51.656],[-79.239,51.634],[-79.285,51.562],[-79.274,51.53],[-79.127,51.538],[-79.024,51.476],[-78.938,51.285],[-78.951,51.215],[-78.844,51.163],[-78.92,51.231],[-78.904,51.305],[-78.823,51.349],[-78.888,51.396],[-78.763,51.486],[-78.688,51.484],[-78.82,51.513],[-78.804,51.61],[-78.943,51.658],[-78.938,51.694],[-79.033,51.776],[-78.836,51.841],[-78.894,51.938],[-78.747,51.973],[-78.695,52.008],[-78.704,52.053],[-78.638,52.057],[-78.648,52.085],[-78.579,52.111],[-78.537,52.18],[-78.556,52.235],[-78.405,52.237],[-78.451,52.271],[-78.556,52.272],[-78.497,52.358],[-78.544,52.435],[-78.506,52.46],[-78.566,52.485],[-78.545,52.514],[-78.763,52.564],[-78.691,52.596],[-78.73,52.615],[-78.725,52.648],[-78.778,52.653],[-78.754,52.695],[-78.82,52.703],[-78.771,52.709],[-78.783,52.734],[-78.85,52.764],[-78.724,52.785],[-78.728,52.823],[-78.78,52.818],[-78.687,52.879],[-78.856,52.877],[-78.899,52.922],[-78.864,52.963],[-78.786,52.969],[-78.826,52.978],[-78.845,53.011],[-78.983,53.023],[-78.918,53.052],[-78.974,53.069],[-78.915,53.165],[-78.944,53.182],[-78.905,53.191],[-78.927,53.218],[-78.888,53.224],[-78.92,53.247],[-78.895,53.265],[-78.956,53.283],[-78.941,53.379],[-78.988,53.443],[-79.063,53.439],[-79.051,53.457],[-79.11,53.502],[-79.012,53.531],[-79.041,53.505],[-79.001,53.49],[-78.959,53.514],[-79.031,53.56],[-78.915,53.56],[-78.984,53.614],[-79.063,53.596],[-79.003,53.641],[-79.043,53.667],[-79.011,53.683],[-79.151,53.704],[-79.036,53.729],[-79.067,53.764],[-79.042,53.784],[-79.067,53.802],[-79.02,53.821],[-79.046,53.835],[-78.901,53.815],[-79.062,53.856],[-79.059,53.889],[-79.101,53.909],[-78.993,53.911],[-79.136,53.956],[-79.033,53.946],[-79.093,53.963],[-79.044,53.974],[-79.097,53.978],[-79.001,53.999],[-78.964,53.997],[-78.976,54.018],[-79.077,54.037],[-79.126,54.081],[-79.286,54.082],[-79.175,54.086],[-79.167,54.117],[-79.116,54.103],[-79.13,54.124],[-79.098,54.128],[-79.138,54.144],[-79.048,54.183],[-79.205,54.154],[-79.379,54.193],[-79.283,54.248],[-79.402,54.263],[-79.438,54.276],[-79.419,54.301],[-79.461,54.304],[-79.472,54.364],[-79.506,54.37],[-79.446,54.416],[-79.501,54.421],[-79.488,54.458],[-79.548,54.504],[-79.524,54.523],[-79.602,54.555],[-79.521,54.587],[-79.576,54.609],[-79.63,54.571],[-79.596,54.639],[-79.675,54.625],[-79.662,54.667],[-79.761,54.658],[-79.636,54.698],[-79.629,54.74],[-79.619,54.711],[-79.24,54.812],[-78.976,54.843],[-78.862,54.908],[-78.335,55.039],[-77.76,55.287],[-77.658,55.37],[-77.214,55.595],[-77.086,55.705],[-77.183,55.689],[-76.84,55.928],[-76.797,55.99],[-76.658,56.06],[-76.619,56.185],[-76.538,56.297],[-76.518,56.406],[-76.505,56.803],[-76.555,57.035],[-76.529,57.105],[-76.653,57.401],[-76.811,57.624],[-76.806,57.669],[-77.147,58.022],[-77.487,58.165],[-77.444,58.187],[-77.609,58.269],[-78.012,58.378],[-78.013,58.413],[-78.074,58.454],[-78.12,58.446],[-78.268,58.519],[-78.397,58.62],[-78.426,58.606],[-78.327,58.537],[-78.383,58.541],[-78.471,58.611],[-78.568,58.614],[-78.549,58.66],[-78.57,58.673],[-78.467,58.701],[-78.549,58.767],[-78.495,58.777],[-78.488,58.82],[-78.549,58.91],[-78.53,58.938],[-78.57,58.961],[-78.45,58.909],[-78.437,58.952],[-78.361,58.958],[-78.363,58.912],[-78.338,58.912],[-78.245,58.991],[-78.316,58.985],[-78.269,59.016],[-78.283,59.049],[-78.205,59.05],[-78.216,59.106],[-78.178,59.085],[-78.127,59.108],[-78.153,59.152],[-78.086,59.156],[-78.092,59.215],[-77.828,59.281],[-77.89,59.31],[-77.778,59.323],[-77.764,59.351],[-77.8,59.368],[-77.684,59.393],[-77.779,59.426],[-77.912,59.415],[-77.848,59.446],[-77.867,59.5],[-77.721,59.539],[-77.712,59.62],[-77.801,59.675],[-77.741,59.691],[-77.773,59.709],[-77.67,59.674],[-77.57,59.695],[-77.473,59.634],[-77.454,59.579],[-77.313,59.564],[-77.44,59.599],[-77.452,59.663],[-77.541,59.688],[-77.491,59.712],[-77.533,59.754],[-77.472,59.742],[-77.432,59.784],[-77.293,59.793],[-77.363,59.89],[-77.427,59.914],[-77.3,59.965],[-77.323,59.988],[-77.236,59.994],[-77.313,60.012],[-77.206,60.042],[-77.189,60.086],[-77.059,60.062],[-76.958,60.103],[-76.858,60.101],[-76.788,60.068],[-76.833,60.115],[-76.758,60.159],[-76.924,60.111],[-77.199,60.15],[-77.105,60.108],[-77.259,60.118],[-77.232,60.053],[-77.315,60.03],[-77.358,60.06],[-77.433,60.036],[-77.63,60.065],[-77.558,60.126],[-77.406,60.13],[-77.551,60.194],[-77.47,60.213],[-77.573,60.259],[-77.543,60.285],[-77.623,60.268],[-77.602,60.329],[-77.743,60.393],[-77.74,60.423],[-77.574,60.502],[-77.553,60.542],[-77.413,60.544],[-77.549,60.571],[-77.67,60.549],[-77.833,60.639],[-77.607,60.758],[-77.745,60.764],[-77.511,60.836],[-77.89,60.75],[-77.858,60.791],[-77.965,60.791],[-77.896,60.828],[-78.19,60.788],[-78.159,60.867],[-77.946,61.004],[-77.811,61.052],[-77.79,61.151],[-77.694,61.202],[-77.752,61.229],[-77.719,61.265],[-77.792,61.453],[-77.7,61.426],[-77.678,61.461],[-77.56,61.468],[-77.548,61.486],[-77.67,61.519],[-77.621,61.561],[-77.474,61.541],[-77.631,61.579],[-77.589,61.604],[-77.71,61.605],[-77.785,61.7],[-77.898,61.686],[-78.006,61.733],[-78.003,61.779],[-78.081,61.865],[-78.081,61.951],[-78.137,62.009],[-78.161,62.169],[-78.155,62.278],[-78.023,62.393],[-77.701,62.47],[-77.486,62.59],[-77.418,62.589],[-77.374,62.551],[-77.048,62.519],[-76.948,62.535],[-76.143,62.379],[-76.097,62.34],[-75.949,62.35],[-75.645,62.291],[-75.592,62.264],[-75.836,62.187],[-75.894,62.158],[-75.826,62.158],[-75.486,62.296],[-75.321,62.311],[-75.152,62.284],[-75.152,62.227],[-75.066,62.268],[-74.928,62.249],[-74.765,62.144],[-74.556,62.104],[-74.751,62.191],[-74.725,62.244],[-74.41,62.251],[-74.28,62.321],[-74,62.358],[-73.868,62.458],[-73.678,62.479],[-73.562,62.377],[-73.387,62.369],[-73.211,62.312],[-73.204,62.261],[-73.063,62.182],[-72.903,62.142],[-72.942,62.118],[-72.784,62.106],[-72.815,62.137],[-72.736,62.143],[-72.626,62.115],[-72.617,62.091],[-72.661,62.056],[-72.596,62.049],[-72.618,62.033],[-72.604,61.971],[-72.678,61.949],[-72.68,61.9],[-72.794,61.834],[-72.668,61.879],[-72.669,61.847],[-72.596,61.805],[-72.636,61.902],[-72.595,61.942],[-72.205,61.863],[-72.129,61.799],[-72.2,61.789],[-72.224,61.751],[-72.145,61.753],[-72.061,61.735],[-71.99,61.676],[-72.087,61.598],[-72.236,61.619],[-72.303,61.567],[-72.21,61.598],[-72.083,61.582],[-71.98,61.599],[-71.933,61.663],[-71.958,61.706],[-71.675,61.658],[-71.571,61.605],[-71.549,61.558],[-71.855,61.53],[-71.789,61.521],[-71.795,61.492],[-71.746,61.465],[-71.887,61.43],[-71.585,61.406],[-71.689,61.368],[-71.822,61.372],[-71.792,61.357],[-71.818,61.346],[-71.664,61.327],[-71.725,61.285],[-71.598,61.254],[-71.629,61.204],[-71.569,61.214],[-71.578,61.155],[-71.512,61.161],[-71.53,61.213],[-71.473,61.223],[-71.37,61.118],[-71.361,61.147],[-71.215,61.167],[-71.193,61.115],[-71.174,61.139],[-71.011,61.121],[-70.928,61.102],[-70.936,61.073],[-70.818,61.064],[-70.767,61.048],[-70.78,61.078],[-70.751,61.082],[-70.656,61.05],[-70.676,61.021],[-70.547,61.007],[-70.566,61.04],[-70.527,61.06],[-70.426,61.023],[-70.444,61.053],[-70.41,61.054],[-70.413,61.086],[-70.351,61.061],[-70.326,61.093],[-70.246,61.067],[-70.146,61.084],[-70.107,61.059],[-70.159,61.014],[-70.096,61.009],[-70.114,60.985],[-70.085,60.954],[-70.088,60.897],[-70.147,60.879],[-70.067,60.875],[-70.061,60.844],[-69.927,60.807],[-69.849,60.846],[-69.933,60.85],[-69.756,60.918],[-69.74,60.881],[-69.658,60.876],[-69.643,60.903],[-69.689,60.961],[-69.656,61.053],[-69.599,61.081],[-69.514,61.069],[-69.426,60.923],[-69.366,60.906],[-69.391,60.871],[-69.368,60.811],[-69.716,60.682],[-69.685,60.644],[-69.696,60.598],[-69.656,60.574],[-69.826,60.525],[-69.748,60.461],[-69.776,60.415],[-69.73,60.404],[-69.722,60.364],[-69.768,60.312],[-69.606,60.232],[-69.651,60.183],[-69.594,60.18],[-69.624,60.067],[-69.716,60.041],[-69.841,60.063],[-69.841,60.023],[-69.77,60.001],[-69.794,59.989],[-70.331,60.028],[-70.315,60.005],[-70.556,59.992],[-71.03,60.061],[-70.566,59.968],[-70.227,59.986],[-70.061,59.944],[-69.726,59.963],[-69.717,59.923],[-69.759,59.902],[-69.562,59.868],[-69.612,59.784],[-69.545,59.763],[-69.654,59.697],[-69.519,59.653],[-69.571,59.59],[-69.679,59.563],[-69.748,59.509],[-69.759,59.481],[-69.697,59.48],[-69.645,59.419],[-69.667,59.386],[-69.631,59.374],[-69.758,59.32],[-69.631,59.298],[-69.412,59.355],[-69.362,59.339],[-69.367,59.307],[-69.249,59.323],[-69.266,59.283],[-69.235,59.239],[-69.292,59.208],[-69.371,59.24],[-69.373,59.189],[-69.419,59.192],[-69.42,59.223],[-69.47,59.213],[-69.54,59.166],[-69.533,59.11],[-69.501,59.106],[-69.463,59.129],[-69.344,59.091],[-69.439,59.022],[-69.506,59.069],[-69.454,58.892],[-69.518,58.885],[-69.547,58.808],[-69.67,58.792],[-69.716,58.864],[-69.672,58.891],[-69.671,58.93],[-69.711,58.918],[-69.709,58.972],[-69.756,58.989],[-69.788,58.966],[-69.869,59.053],[-69.861,58.984],[-69.895,58.957],[-69.807,58.931],[-69.797,58.828],[-69.898,58.873],[-69.899,58.827],[-70.25,58.769],[-70.036,58.733],[-69.919,58.773],[-69.925,58.692],[-69.798,58.704],[-69.876,58.643],[-69.813,58.589],[-69.7,58.697],[-69.642,58.695],[-69.608,58.754],[-69.507,58.774],[-69.348,58.871],[-69.129,58.901],[-68.889,58.876],[-68.763,58.921],[-68.39,58.811],[-68.355,58.774],[-68.38,58.697],[-68.326,58.664],[-68.348,58.6],[-68.274,58.59],[-68.288,58.524],[-68.193,58.54],[-68.223,58.397],[-68.317,58.241],[-68.344,58.127],[-68.466,58.045],[-68.964,57.959],[-69.202,57.868],[-69.369,57.765],[-68.951,57.938],[-68.404,58.039],[-68.313,58.103],[-68.303,58.195],[-68.23,58.255],[-68.168,58.414],[-68.171,58.489],[-68.125,58.526],[-68.026,58.513],[-68.003,58.576],[-67.959,58.558],[-67.958,58.511],[-67.896,58.5],[-67.923,58.403],[-67.855,58.314],[-67.897,58.253],[-68.095,58.138],[-68.128,58.073],[-68.006,58.131],[-67.954,58.211],[-67.861,58.232],[-67.801,58.296],[-67.83,58.331],[-67.787,58.464],[-67.731,58.461],[-67.667,58.427],[-67.707,58.383],[-67.693,58.354],[-67.737,58.326],[-67.73,58.283],[-67.642,58.248],[-67.703,58.161],[-67.671,58.07],[-67.735,57.966],[-67.709,57.923],[-67.708,57.982],[-67.635,58.042],[-67.653,58.122],[-67.481,58.273],[-67.378,58.276],[-67.168,58.378],[-67.09,58.35],[-67.056,58.388],[-67.077,58.417],[-67.011,58.424],[-66.944,58.501],[-66.876,58.479],[-66.898,58.445],[-66.846,58.426],[-66.804,58.493],[-66.618,58.487],[-66.669,58.531],[-66.62,58.546],[-66.621,58.604],[-66.583,58.631],[-66.599,58.673],[-66.563,58.673],[-66.551,58.711],[-66.458,58.721],[-66.489,58.754],[-66.465,58.819],[-66.349,58.843],[-66.11,58.72],[-66.072,58.65],[-65.999,58.654],[-65.985,58.622],[-65.935,58.604],[-66.021,58.495],[-65.991,58.406],[-66.089,58.365],[-66.065,58.32],[-66.041,58.368],[-65.965,58.391],[-65.92,58.445],[-65.98,58.483],[-65.904,58.529],[-65.884,58.58],[-65.828,58.572],[-65.935,58.643],[-65.948,58.682],[-66.031,58.689],[-66.044,58.755],[-66.103,58.773],[-66.022,58.861],[-65.97,58.826],[-65.797,58.847],[-65.99,58.899],[-65.85,58.946],[-65.88,59.01],[-65.678,58.926],[-65.678,58.963],[-65.793,59.005],[-65.739,59.018],[-65.777,59.029],[-65.66,59.044],[-65.5,58.983],[-65.582,59.049],[-65.317,59.041],[-65.543,59.101],[-65.638,59.069],[-65.715,59.148],[-65.684,59.193],[-65.737,59.209],[-65.743,59.265],[-65.676,59.261],[-65.591,59.188],[-65.61,59.253],[-65.492,59.255],[-65.565,59.301],[-65.57,59.378],[-65.357,59.277],[-65.444,59.351],[-65.43,59.403],[-65.383,59.401],[-65.495,59.433],[-65.469,59.444],[-65.542,59.489],[-65.188,59.459],[-65.126,59.407],[-64.983,59.376],[-65.22,59.488],[-65.411,59.509],[-65.543,59.736],[-65.468,59.759],[-65.495,59.789],[-65.371,59.796],[-65.381,59.824],[-65.333,59.847],[-65.152,59.779],[-64.983,59.762],[-65.211,59.833],[-65.231,59.885],[-65.133,59.868],[-65.206,59.919],[-65.148,59.923],[-65.138,59.953],[-65.066,59.934],[-65.124,59.971],[-65.063,59.976],[-65.126,60.011],[-65.124,60.042],[-65.071,60.035],[-65.026,60.067],[-65.062,60.096],[-64.988,60.116],[-64.993,60.148],[-64.943,60.191],[-64.874,60.205],[-64.955,60.255],[-64.861,60.296],[-64.835,60.363],[-64.641,60.344],[-64.534,60.302],[-64.853,60.261],[-64.851,60.223],[-64.767,60.174],[-64.637,60.178],[-64.598,60.111],[-64.734,60.103],[-64.702,60.064],[-64.796,60.039],[-64.906,60.048],[-64.847,59.964],[-64.653,59.929],[-64.661,59.883],[-64.767,59.879],[-64.744,59.844],[-64.814,59.818],[-64.773,59.698],[-64.826,59.531],[-64.7,59.445],[-64.432,59.529],[-64.34,59.496],[-64.5,59.433],[-64.485,59.396],[-64.538,59.373],[-64.499,59.339],[-64.538,59.285],[-64.507,59.25],[-64.534,59.197],[-64.493,59.158],[-64.493,59.104],[-64.365,59.073],[-64.291,59.016],[-64.415,58.981],[-64.656,59.028],[-64.72,59.069],[-64.829,59.032],[-64.864,58.99],[-64.838,58.958],[-64.878,58.927],[-64.809,58.911],[-64.718,58.945],[-64.568,58.887],[-64.3,58.882],[-64.258,58.849],[-64.257,58.779],[-64.156,58.745],[-63.999,58.819],[-63.841,58.829],[-63.766,58.874],[-63.588,58.846],[-63.48,58.748],[-63.574,58.715],[-64.051,58.676],[-64.097,58.607],[-64.084,58.555],[-64.022,58.52],[-63.886,58.563],[-63.819,58.471],[-64.156,58.348],[-64.211,58.235],[-64.398,58.181],[-64.431,58.086],[-64.208,58.033],[-64.214,57.977],[-64.057,57.769],[-64.022,57.771],[-64.006,57.812],[-63.926,57.797],[-63.891,57.73],[-63.825,57.69],[-63.765,57.732],[-63.7,57.662],[-63.653,57.731],[-63.595,57.734],[-63.607,57.663],[-63.721,57.602],[-63.765,57.573],[-63.763,57.482],[-63.709,57.372],[-63.836,57.325],[-63.876,57.242],[-63.855,57.193],[-63.814,57.279],[-63.741,57.232],[-63.792,57.165],[-63.787,57.111],[-63.873,57.066],[-63.863,56.992],[-63.917,56.93],[-63.871,56.878],[-64.005,56.85],[-63.992,56.785],[-64.083,56.765],[-64.129,56.71],[-63.945,56.549],[-63.942,56.479],[-63.871,56.439],[-63.974,56.412],[-64.169,56.427],[-64.114,56.39],[-64.105,56.331],[-64.136,56.303],[-64.086,56.259],[-63.974,56.259],[-63.876,56.217],[-64.01,56.159],[-64.02,56.076],[-63.847,56.12],[-63.88,56.076],[-63.79,56.039],[-63.445,56.022],[-63.694,55.942],[-63.715,55.859],[-63.488,55.696],[-63.448,55.599],[-63.298,55.523],[-63.144,55.526],[-63.176,55.419],[-63.095,55.349],[-63.176,55.296],[-63.519,55.183],[-63.566,55.06],[-63.435,54.973],[-63.669,54.612],[-63.976,54.626],[-64.325,54.751],[-64.404,54.752],[-64.552,54.72],[-64.811,54.749],[-65.121,54.694],[-65.443,54.745],[-65.689,54.713],[-65.835,54.831],[-65.858,54.907],[-65.957,54.929],[-66.035,54.909],[-66.239,54.991],[-66.576,55.25],[-66.681,55.253],[-66.688,55.301],[-66.778,55.338],[-66.844,55.326],[-66.688,55.204],[-66.74,55.177],[-66.765,55.105],[-66.659,54.978],[-66.732,54.948],[-66.678,54.894],[-66.605,54.79],[-66.712,54.781],[-66.698,54.742],[-66.738,54.732],[-66.946,54.801],[-67.028,54.897],[-67.297,55.008],[-67.273,55.066],[-67.428,55.071],[-67.453,55.018],[-67.362,54.875],[-67.263,54.825],[-67.307,54.783],[-67.184,54.719],[-67.213,54.668],[-67.036,54.621],[-67.219,54.607],[-67.305,54.504],[-67.492,54.581],[-67.601,54.566],[-67.633,54.479],[-67.586,54.417],[-67.595,54.365],[-67.494,54.314],[-67.531,54.248],[-67.485,54.234],[-67.637,54.174],[-67.781,54.063],[-67.738,54.0],[-67.609,53.928],[-67.588,53.857],[-67.43,53.778],[-67.491,53.603],[-67.141,53.542],[-67.128,53.464],[-67.068,53.428],[-67.067,53.384],[-66.987,53.403],[-66.91,53.34],[-66.991,53.195],[-66.948,53.109],[-66.979,53.027],[-67.078,52.948],[-67.058,52.804],[-67.092,52.729],[-67.067,52.699],[-66.891,52.673],[-66.874,52.747],[-66.813,52.664],[-66.668,52.725],[-66.648,52.945],[-66.525,52.943],[-66.476,53.034],[-66.345,52.974],[-66.269,52.877],[-66.378,52.836],[-66.328,52.736],[-66.433,52.706],[-66.432,52.611],[-66.373,52.542],[-66.446,52.53],[-66.358,52.406],[-66.458,52.366],[-66.486,52.312],[-66.438,52.2],[-66.335,52.136],[-66.303,52.222],[-66.319,52.289],[-66.275,52.311],[-66.173,52.22],[-66.068,52.216],[-66.063,52.118],[-65.916,52.05],[-65.801,52.042],[-65.799,52.095],[-65.758,52.111],[-65.567,52.046],[-65.538,52.123],[-65.453,52.208],[-65.108,52.17],[-64.853,52.021],[-64.845,51.93],[-64.587,51.828],[-64.593,51.796],[-64.718,51.747],[-64.703,51.692],[-64.604,51.642],[-64.581,51.557],[-64.442,51.667],[-64.264,51.739],[-64.357,51.85],[-64.317,51.903],[-64.33,51.965],[-64.274,52.003],[-64.293,52.046],[-64.257,52.128],[-64.115,52.151],[-64.131,52.281],[-64.081,52.372],[-64.208,52.548],[-64.175,52.609],[-64.202,52.672],[-64.156,52.738],[-64.201,52.79],[-64.172,52.85],[-64.08,52.881],[-63.959,52.867],[-63.982,52.933],[-63.919,52.976],[-63.923,53.077],[-63.693,53.113],[-63.634,53.094],[-63.626,53.042],[-63.541,52.97],[-63.595,52.77],[-63.423,52.707],[-63.377,52.65],[-63.839,52.618],[-63.971,52.57],[-64.081,52.47],[-64.027,52.433],[-63.976,52.458],[-63.93,52.417],[-63.924,52.383],[-64.013,52.387],[-63.987,52.362],[-63.941,52.264],[-63.655,52.124],[-63.637,52.039],[-63.824,52.07],[-63.751,51.999],[-57.367,51.999],[-57.101,52],[-57.104,51.412]]]]},"properties":{"name":"Quebec"}},{"type":"Feature","geometry":{"type":"MultiPolygon","coordinates":[[[[-55.883,53.486],[-55.729,53.45],[-55.795,53.458],[-55.774,53.414],[-55.817,53.417],[-55.801,53.392],[-55.971,53.445],[-55.883,53.486]]],[[[-55.466,50.784],[-55.557,50.701],[-55.653,50.727],[-55.619,50.791],[-55.589,50.772],[-55.462,50.805],[-55.466,50.784]]],[[[-54.081,49.736],[-53.981,49.649],[-54.257,49.566],[-54.293,49.58],[-54.303,49.67],[-54.255,49.672],[-54.282,49.716],[-54.215,49.72],[-54.191,49.674],[-54.148,49.747],[-54.081,49.736]]],[[[-54.529,49.633],[-54.576,49.558],[-54.727,49.528],[-54.739,49.49],[-54.871,49.487],[-54.807,49.517],[-54.884,49.546],[-54.891,49.59],[-54.793,49.602],[-54.788,49.557],[-54.743,49.544],[-54.627,49.633],[-54.62,49.602],[-54.536,49.664],[-54.529,49.633]]],[[[-53.564,48.19],[-53.509,48.198],[-53.512,48.145],[-53.553,48.106],[-53.53,48.097],[-53.634,48.075],[-53.856,48.098],[-53.935,48.182],[-53.906,48.21],[-53.85,48.161],[-53.765,48.174],[-53.689,48.147],[-53.564,48.19]]],[[[-55.927,47.676],[-55.93,47.639],[-55.876,47.611],[-55.901,47.602],[-56.113,47.644],[-55.927,47.676]]],[[[-54.125,47.64],[-54.243,47.399],[-54.364,47.406],[-54.262,47.474],[-54.205,47.546],[-54.24,47.558],[-54.172,47.621],[-54.171,47.585],[-54.135,47.668],[-54.125,47.64]]],[[[-64.631,60.357],[-64.79,60.391],[-64.867,60.45],[-64.856,60.473],[-64.639,60.484],[-64.525,60.413],[-64.532,60.374],[-64.47,60.405],[-64.426,60.401],[-64.427,60.372],[-64.478,60.334],[-64.423,60.282],[-64.631,60.357]]],[[[-64.534,60.302],[-64.384,60.238],[-64.613,60.289],[-64.759,60.231],[-64.554,60.262],[-64.463,60.226],[-64.562,60.173],[-64.405,60.22],[-64.426,60.192],[-64.376,60.16],[-64.486,60.115],[-64.469,60.082],[-64.627,60.07],[-64.827,59.986],[-64.603,60.051],[-64.456,60.059],[-64.373,60.123],[-64.371,60.073],[-64.416,60.063],[-64.371,60.043],[-64.389,60.014],[-64.588,60.001],[-64.398,59.971],[-64.396,59.937],[-64.499,59.891],[-64.363,59.922],[-64.33,59.984],[-64.224,59.995],[-64.325,60.015],[-64.314,60.051],[-64.173,60.028],[-64.15,59.985],[-64.294,59.948],[-64.186,59.919],[-64.259,59.872],[-64.126,59.896],[-64.177,59.785],[-64.261,59.789],[-64.254,59.756],[-64.163,59.684],[-63.956,59.689],[-63.966,59.658],[-63.923,59.653],[-64.047,59.635],[-64.122,59.519],[-64.04,59.553],[-63.997,59.626],[-63.863,59.601],[-63.98,59.505],[-63.871,59.566],[-63.722,59.513],[-63.799,59.416],[-64.0,59.414],[-64.062,59.382],[-63.763,59.388],[-63.755,59.358],[-63.711,59.365],[-63.805,59.24],[-63.741,59.256],[-63.649,59.362],[-63.543,59.348],[-63.534,59.264],[-63.637,59.218],[-63.605,59.209],[-63.38,59.283],[-63.45,59.24],[-63.431,59.224],[-63.462,59.193],[-63.376,59.213],[-63.366,59.186],[-63.425,59.126],[-63.551,59.084],[-63.767,59.049],[-63.934,59.081],[-64.047,59.019],[-63.898,59.056],[-63.912,59.0],[-63.868,58.953],[-63.869,59.031],[-63.527,59.03],[-63.372,59.101],[-63.125,59.055],[-63.175,59.026],[-63.336,59.024],[-63.224,59.001],[-63.304,58.942],[-63.173,58.979],[-63.17,58.954],[-63.226,58.939],[-63.16,58.926],[-63.325,58.855],[-63.157,58.873],[-63.182,58.833],[-63.16,58.823],[-63.071,58.902],[-62.994,58.885],[-63.053,58.859],[-62.924,58.821],[-62.905,58.789],[-62.918,58.745],[-63.04,58.707],[-62.867,58.711],[-62.843,58.659],[-62.917,58.63],[-62.915,58.6],[-63.169,58.503],[-63.439,58.518],[-63.524,58.47],[-63.385,58.488],[-63.343,58.456],[-63.589,58.3],[-63.264,58.463],[-63.089,58.458],[-63.151,58.373],[-63.05,58.45],[-63.015,58.425],[-62.804,58.492],[-62.775,58.451],[-62.745,58.493],[-62.589,58.499],[-62.556,58.478],[-62.65,58.408],[-62.619,58.376],[-62.623,58.304],[-62.858,58.262],[-62.905,58.209],[-62.832,58.251],[-62.658,58.27],[-62.592,58.248],[-62.582,58.216],[-62.661,58.173],[-63.074,58.151],[-63.012,58.135],[-63.023,58.118],[-63.211,58.062],[-63.132,58.058],[-63.155,58.026],[-63.34,57.979],[-63.128,57.997],[-63.089,58.062],[-62.838,58.145],[-62.846,58.118],[-62.709,58.142],[-62.652,58.118],[-62.573,58.164],[-62.554,58.121],[-62.523,58.166],[-62.452,58.175],[-62.531,58.095],[-62.506,58.055],[-62.466,58.102],[-62.368,58.111],[-62.426,58.081],[-62.386,58.072],[-62.388,58.042],[-62.335,58.067],[-62.309,58.028],[-62.386,57.993],[-62.528,58.005],[-62.672,57.929],[-62.456,57.967],[-62.423,57.957],[-62.408,57.865],[-62.342,57.975],[-62.333,57.906],[-62.276,57.95],[-62.206,57.907],[-62.127,57.968],[-62.059,57.897],[-62.138,57.835],[-62.12,57.8],[-61.996,57.772],[-61.946,57.714],[-61.965,57.687],[-61.893,57.669],[-61.883,57.637],[-62.051,57.588],[-62.136,57.528],[-62.271,57.533],[-62.335,57.456],[-62.545,57.501],[-62.365,57.419],[-62.167,57.464],[-61.891,57.411],[-61.803,57.358],[-61.919,57.365],[-61.868,57.338],[-61.863,57.285],[-62.015,57.243],[-61.895,57.211],[-61.852,57.165],[-61.773,57.193],[-61.779,57.148],[-61.636,57.232],[-61.623,57.215],[-61.696,57.153],[-61.441,57.148],[-61.358,57.087],[-61.379,57.051],[-61.348,57.025],[-61.371,56.995],[-61.346,56.951],[-61.378,56.982],[-61.487,56.981],[-61.639,56.883],[-61.661,56.809],[-61.906,56.795],[-61.889,56.698],[-61.846,56.756],[-61.702,56.73],[-61.734,56.697],[-61.825,56.706],[-61.658,56.647],[-61.688,56.617],[-61.923,56.645],[-61.895,56.68],[-61.992,56.66],[-62.498,56.779],[-62.279,56.826],[-62.049,56.832],[-62.543,56.837],[-62.585,56.792],[-62.503,56.762],[-61.916,56.62],[-62.224,56.609],[-61.945,56.578],[-61.715,56.572],[-61.655,56.533],[-61.662,56.506],[-61.773,56.484],[-62.046,56.504],[-62.082,56.481],[-61.949,56.461],[-62.139,56.444],[-61.984,56.415],[-61.93,56.437],[-61.79,56.392],[-61.842,56.38],[-61.772,56.336],[-61.589,56.287],[-61.811,56.305],[-61.658,56.267],[-61.778,56.254],[-61.827,56.264],[-61.753,56.277],[-61.878,56.298],[-62.076,56.285],[-61.919,56.212],[-61.655,56.224],[-61.56,56.194],[-61.35,56.222],[-61.33,56.176],[-61.41,56.124],[-61.342,56.141],[-61.337,56.1],[-61.452,56.056],[-61.237,56.042],[-61.503,56.006],[-61.39,55.998],[-61.376,55.979],[-61.404,55.972],[-61.46,55.996],[-61.415,55.96],[-61.117,55.966],[-61.074,55.928],[-61.079,55.893],[-61.201,55.884],[-61.104,55.845],[-60.755,55.849],[-60.733,55.802],[-60.807,55.755],[-60.945,55.751],[-60.966,55.746],[-60.937,55.727],[-60.756,55.729],[-60.647,55.822],[-60.601,55.814],[-60.623,55.783],[-60.592,55.704],[-60.661,55.666],[-60.628,55.629],[-60.679,55.563],[-60.602,55.626],[-60.503,55.803],[-60.361,55.761],[-60.34,55.786],[-60.337,55.748],[-60.384,55.719],[-60.371,55.678],[-60.493,55.658],[-60.531,55.597],[-60.465,55.631],[-60.393,55.601],[-60.447,55.5],[-60.34,55.578],[-60.316,55.573],[-60.339,55.533],[-60.305,55.524],[-60.453,55.444],[-60.437,55.399],[-60.478,55.347],[-60.331,55.486],[-60.306,55.486],[-60.357,55.428],[-60.285,55.438],[-60.268,55.502],[-60.201,55.478],[-60.196,55.422],[-60.354,55.395],[-60.399,55.289],[-60.466,55.294],[-60.533,55.204],[-60.612,55.166],[-60.553,55.181],[-60.51,55.207],[-60.468,55.237],[-60.43,55.216],[-60.396,55.253],[-60.348,55.25],[-60.466,55.189],[-60.523,55.111],[-60.67,55.044],[-60.683,54.994],[-60.482,55.105],[-60.446,55.156],[-60.385,55.15],[-60.16,55.285],[-60.138,55.278],[-60.194,55.192],[-60.021,55.266],[-60.189,55.096],[-60.22,55.106],[-60.288,55.053],[-60.293,55.019],[-60.099,55.136],[-60.02,55.234],[-59.916,55.233],[-59.914,55.264],[-59.779,55.329],[-59.755,55.276],[-59.711,55.269],[-59.752,55.22],[-59.732,55.197],[-59.863,55.154],[-59.962,55.161],[-59.963,55.11],[-59.921,55.139],[-59.8,55.108],[-59.729,55.144],[-59.638,55.13],[-59.535,55.167],[-59.505,55.213],[-59.501,55.141],[-59.427,55.139],[-59.519,55.054],[-59.733,54.967],[-59.715,54.946],[-59.84,54.879],[-59.86,54.845],[-59.821,54.846],[-59.827,54.824],[-59.944,54.749],[-59.791,54.785],[-59.808,54.836],[-59.756,54.895],[-59.604,54.954],[-59.433,55.068],[-59.402,55.028],[-59.286,55.189],[-59.217,55.217],[-59.217,55.164],[-59.161,55.236],[-59.127,55.205],[-59.137,55.154],[-59.252,55.102],[-59.384,54.973],[-59.25,55.035],[-59.228,55.081],[-59.181,55.097],[-59.149,55.068],[-59.126,55.123],[-59.09,55.083],[-59.064,55.146],[-59.023,55.156],[-58.996,55.118],[-58.96,55.134],[-58.955,55.1],[-59.043,54.994],[-58.985,55.02],[-58.894,54.952],[-59.013,54.889],[-58.883,54.916],[-58.916,54.85],[-58.779,54.849],[-58.756,54.798],[-58.731,54.843],[-58.691,54.846],[-58.685,54.815],[-58.517,54.803],[-58.565,54.766],[-58.443,54.773],[-58.404,54.738],[-58.391,54.787],[-58.196,54.795],[-58.173,54.745],[-57.998,54.714],[-57.855,54.737],[-57.66,54.628],[-57.545,54.661],[-57.45,54.649],[-57.414,54.588],[-57.347,54.579],[-57.431,54.55],[-57.377,54.542],[-57.385,54.503],[-57.705,54.466],[-57.421,54.453],[-57.525,54.451],[-57.523,54.417],[-57.66,54.376],[-58.146,54.365],[-58.261,54.311],[-58.095,54.325],[-58.243,54.287],[-58.233,54.254],[-58.446,54.239],[-58.724,54.145],[-58.915,54.138],[-59.376,54.046],[-59.575,54.049],[-59.509,53.995],[-59.276,54.021],[-58.687,54.124],[-58.379,54.229],[-58.61,54.041],[-59.038,54.026],[-58.919,54.01],[-59.008,53.955],[-59.115,53.946],[-59.463,53.83],[-59.825,53.842],[-59.88,53.825],[-59.802,53.806],[-59.828,53.788],[-60.131,53.777],[-60.017,53.704],[-60.097,53.683],[-60.119,53.611],[-60.064,53.56],[-60.133,53.528],[-60.39,53.665],[-60.81,53.771],[-60.875,53.83],[-60.856,53.792],[-60.933,53.728],[-60.918,53.709],[-60.805,53.723],[-60.537,53.678],[-60.278,53.558],[-60.048,53.495],[-60.038,53.439],[-60.138,53.453],[-60.331,53.388],[-60.363,53.351],[-60.405,53.364],[-60.395,53.331],[-60.174,53.343],[-60.398,53.265],[-60.261,53.268],[-60.164,53.309],[-60.113,53.27],[-60.09,53.299],[-60.147,53.326],[-60.024,53.355],[-59.908,53.455],[-59.871,53.443],[-59.874,53.484],[-59.785,53.477],[-59.893,53.528],[-59.605,53.529],[-59.369,53.648],[-59.302,53.686],[-59.279,53.662],[-59.213,53.691],[-59.074,53.683],[-59.068,53.717],[-59.027,53.711],[-59.01,53.746],[-59.066,53.794],[-58.876,53.888],[-58.841,53.943],[-58.13,54.096],[-57.789,54.068],[-57.851,54.1],[-58.159,54.135],[-58.328,54.089],[-58.418,54.139],[-58.383,54.189],[-58.17,54.236],[-57.659,54.199],[-57.604,54.183],[-57.609,54.161],[-57.428,54.182],[-57.384,54.15],[-57.396,54.128],[-57.359,54.134],[-57.37,54.106],[-57.296,54.005],[-57.142,53.934],[-57.215,53.929],[-57.221,53.889],[-57.076,53.823],[-57.133,53.824],[-57.099,53.8],[-57.159,53.758],[-57.119,53.741],[-57.549,53.591],[-57.444,53.618],[-57.448,53.592],[-57.376,53.607],[-57.316,53.579],[-57.344,53.542],[-57.305,53.534],[-57.306,53.496],[-57.372,53.43],[-57.289,53.433],[-57.285,53.477],[-57.136,53.549],[-57.159,53.564],[-57.136,53.609],[-57.077,53.628],[-57.014,53.711],[-56.704,53.75],[-56.6,53.71],[-56.615,53.762],[-56.464,53.782],[-56.421,53.716],[-56.725,53.674],[-56.48,53.621],[-56.333,53.629],[-56.263,53.601],[-56.335,53.603],[-56.32,53.585],[-56.027,53.575],[-55.978,53.542],[-56.008,53.5],[-56.063,53.54],[-56.263,53.54],[-56.031,53.459],[-56.032,53.432],[-55.965,53.409],[-56.038,53.367],[-55.912,53.395],[-55.858,53.365],[-55.885,53.344],[-55.808,53.34],[-55.911,53.303],[-55.812,53.29],[-55.859,53.248],[-55.745,53.249],[-55.79,53.198],[-55.841,53.205],[-55.763,53.178],[-55.754,53.134],[-55.83,53.097],[-55.944,53.112],[-55.879,53.079],[-55.911,53.028],[-56.166,53.029],[-56.084,53.015],[-56.133,52.983],[-56.111,52.966],[-56.04,53.005],[-55.889,52.969],[-55.91,52.95],[-55.834,52.921],[-55.803,52.839],[-55.987,52.806],[-55.923,52.789],[-55.996,52.773],[-56.16,52.819],[-56.16,52.793],[-56.053,52.762],[-55.96,52.679],[-55.765,52.665],[-55.738,52.642],[-55.794,52.593],[-55.937,52.639],[-56.122,52.651],[-55.974,52.619],[-56.047,52.576],[-55.989,52.566],[-55.999,52.548],[-56.089,52.572],[-56.237,52.541],[-56.496,52.594],[-56.245,52.529],[-56.107,52.547],[-55.971,52.502],[-55.751,52.496],[-55.735,52.469],[-55.766,52.447],[-55.645,52.437],[-55.641,52.363],[-55.799,52.384],[-55.782,52.334],[-56.195,52.435],[-55.823,52.323],[-55.849,52.298],[-55.708,52.293],[-55.791,52.237],[-55.72,52.251],[-55.618,52.215],[-55.776,52.209],[-55.688,52.181],[-55.713,52.139],[-55.689,52.101],[-55.792,52.083],[-55.763,52.047],[-55.842,52.003],[-55.959,52.019],[-55.894,51.962],[-55.915,51.932],[-56.117,51.86],[-56.209,51.789],[-56.433,51.746],[-56.493,51.688],[-56.681,51.642],[-56.695,51.584],[-56.807,51.528],[-56.813,51.491],[-56.858,51.468],[-56.933,51.491],[-56.942,51.427],[-57.104,51.412],[-57.101,52],[-57.367,51.999],[-63.751,51.999],[-63.824,52.07],[-63.637,52.039],[-63.655,52.124],[-63.941,52.264],[-63.987,52.362],[-64.013,52.387],[-63.924,52.383],[-63.93,52.417],[-63.976,52.458],[-64.027,52.433],[-64.081,52.47],[-63.971,52.57],[-63.839,52.618],[-63.377,52.65],[-63.423,52.707],[-63.595,52.77],[-63.541,52.97],[-63.626,53.042],[-63.634,53.094],[-63.693,53.113],[-63.923,53.077],[-63.919,52.976],[-63.982,52.933],[-63.959,52.867],[-64.08,52.881],[-64.172,52.85],[-64.201,52.79],[-64.156,52.738],[-64.202,52.672],[-64.175,52.609],[-64.208,52.548],[-64.081,52.372],[-64.131,52.281],[-64.115,52.151],[-64.257,52.128],[-64.293,52.046],[-64.274,52.003],[-64.33,51.965],[-64.317,51.903],[-64.357,51.85],[-64.264,51.739],[-64.442,51.667],[-64.581,51.557],[-64.604,51.642],[-64.703,51.692],[-64.718,51.747],[-64.593,51.796],[-64.587,51.828],[-64.845,51.93],[-64.853,52.021],[-65.108,52.17],[-65.453,52.208],[-65.538,52.123],[-65.567,52.046],[-65.758,52.111],[-65.799,52.095],[-65.801,52.042],[-65.916,52.05],[-66.063,52.118],[-66.068,52.216],[-66.173,52.22],[-66.275,52.311],[-66.319,52.289],[-66.303,52.222],[-66.335,52.136],[-66.438,52.2],[-66.486,52.312],[-66.458,52.366],[-66.358,52.406],[-66.446,52.53],[-66.373,52.542],[-66.432,52.611],[-66.433,52.706],[-66.328,52.736],[-66.378,52.836],[-66.269,52.877],[-66.345,52.974],[-66.476,53.034],[-66.525,52.943],[-66.648,52.945],[-66.668,52.725],[-66.813,52.664],[-66.874,52.747],[-66.891,52.673],[-67.067,52.699],[-67.092,52.729],[-67.058,52.804],[-67.078,52.948],[-66.979,53.027],[-66.948,53.109],[-66.991,53.195],[-66.91,53.34],[-66.987,53.403],[-67.067,53.384],[-67.068,53.428],[-67.128,53.464],[-67.141,53.542],[-67.491,53.603],[-67.43,53.778],[-67.588,53.857],[-67.609,53.928],[-67.738,54.0],[-67.781,54.063],[-67.637,54.174],[-67.485,54.234],[-67.531,54.248],[-67.494,54.314],[-67.595,54.365],[-67.586,54.417],[-67.633,54.479],[-67.601,54.566],[-67.492,54.581],[-67.305,54.504],[-67.219,54.607],[-67.036,54.621],[-67.213,54.668],[-67.184,54.719],[-67.307,54.783],[-67.263,54.825],[-67.362,54.875],[-67.453,55.018],[-67.428,55.071],[-67.273,55.066],[-67.297,55.008],[-67.028,54.897],[-66.946,54.801],[-66.738,54.732],[-66.698,54.742],[-66.712,54.781],[-66.605,54.79],[-66.678,54.894],[-66.732,54.948],[-66.659,54.978],[-66.765,55.105],[-66.74,55.177],[-66.688,55.204],[-66.844,55.326],[-66.778,55.338],[-66.688,55.301],[-66.681,55.253],[-66.576,55.25],[-66.239,54.991],[-66.035,54.909],[-65.957,54.929],[-65.858,54.907],[-65.835,54.831],[-65.689,54.713],[-65.443,54.745],[-65.121,54.694],[-64.811,54.749],[-64.552,54.72],[-64.404,54.752],[-64.325,54.751],[-63.976,54.626],[-63.669,54.612],[-63.435,54.973],[-63.566,55.06],[-63.519,55.183],[-63.176,55.296],[-63.095,55.349],[-63.176,55.419],[-63.144,55.526],[-63.298,55.523],[-63.448,55.599],[-63.488,55.696],[-63.715,55.859],[-63.694,55.942],[-63.445,56.022],[-63.79,56.039],[-63.88,56.076],[-63.847,56.12],[-64.02,56.076],[-64.01,56.159],[-63.876,56.217],[-63.974,56.259],[-64.086,56.259],[-64.136,56.303],[-64.105,56.331],[-64.114,56.39],[-64.169,56.427],[-63.974,56.412],[-63.871,56.439],[-63.942,56.479],[-63.945,56.549],[-64.129,56.71],[-64.083,56.765],[-63.992,56.785],[-64.005,56.85],[-63.871,56.878],[-63.917,56.93],[-63.863,56.992],[-63.873,57.066],[-63.787,57.111],[-63.792,57.165],[-63.741,57.232],[-63.814,57.279],[-63.855,57.193],[-63.876,57.242],[-63.836,57.325],[-63.709,57.372],[-63.763,57.482],[-63.765,57.573],[-63.721,57.602],[-63.607,57.663],[-63.595,57.734],[-63.653,57.731],[-63.7,57.662],[-63.765,57.732],[-63.825,57.69],[-63.891,57.73],[-63.926,57.797],[-64.006,57.812],[-64.022,57.771],[-64.057,57.769],[-64.214,57.977],[-64.208,58.033],[-64.431,58.086],[-64.398,58.181],[-64.211,58.235],[-64.156,58.348],[-63.819,58.471],[-63.886,58.563],[-64.022,58.52],[-64.084,58.555],[-64.097,58.607],[-64.051,58.676],[-63.574,58.715],[-63.48,58.748],[-63.588,58.846],[-63.766,58.874],[-63.841,58.829],[-63.999,58.819],[-64.156,58.745],[-64.257,58.779],[-64.258,58.849],[-64.3,58.882],[-64.568,58.887],[-64.718,58.945],[-64.809,58.911],[-64.878,58.927],[-64.838,58.958],[-64.864,58.99],[-64.829,59.032],[-64.72,59.069],[-64.656,59.028],[-64.415,58.981],[-64.291,59.016],[-64.365,59.073],[-64.493,59.104],[-64.493,59.158],[-64.534,59.197],[-64.507,59.25],[-64.538,59.285],[-64.499,59.339],[-64.538,59.373],[-64.485,59.396],[-64.5,59.433],[-64.34,59.496],[-64.432,59.529],[-64.7,59.445],[-64.826,59.531],[-64.773,59.698],[-64.814,59.818],[-64.744,59.844],[-64.767,59.879],[-64.661,59.883],[-64.653,59.929],[-64.847,59.964],[-64.906,60.048],[-64.796,60.039],[-64.702,60.064],[-64.734,60.103],[-64.598,60.111],[-64.637,60.178],[-64.767,60.174],[-64.851,60.223],[-64.853,60.261],[-64.534,60.302]]],[[[-64.047,59.849],[-64.032,59.804],[-64.075,59.788],[-63.959,59.756],[-63.997,59.723],[-64.134,59.695],[-64.163,59.703],[-64.144,59.727],[-64.204,59.734],[-64.187,59.768],[-64.129,59.757],[-64.152,59.788],[-64.121,59.849],[-64.047,59.849]]],[[[-61.884,57.866],[-61.881,57.812],[-61.947,57.787],[-62.109,57.829],[-61.994,57.909],[-61.928,57.908],[-61.939,57.872],[-61.884,57.866]]],[[[-61.654,57.771],[-61.696,57.712],[-61.768,57.716],[-61.827,57.778],[-61.896,57.758],[-61.778,57.845],[-61.698,57.83],[-61.723,57.783],[-61.676,57.795],[-61.654,57.771]]],[[[-61.926,57.452],[-62.021,57.521],[-61.974,57.581],[-61.931,57.585],[-61.946,57.549],[-61.896,57.586],[-61.781,57.548],[-61.783,57.508],[-61.926,57.452]]],[[[-61.643,57.522],[-61.691,57.495],[-61.646,57.482],[-61.674,57.463],[-61.789,57.46],[-61.826,57.43],[-61.694,57.441],[-61.614,57.418],[-61.648,57.393],[-61.9,57.437],[-61.782,57.486],[-61.737,57.536],[-61.643,57.522]]],[[[-61.355,56.91],[-61.404,56.879],[-61.361,56.848],[-61.439,56.816],[-61.448,56.841],[-61.493,56.838],[-61.503,56.804],[-61.585,56.766],[-61.386,56.775],[-61.368,56.685],[-61.404,56.662],[-61.39,56.618],[-61.445,56.62],[-61.644,56.734],[-61.631,56.859],[-61.533,56.902],[-61.522,56.941],[-61.467,56.958],[-61.428,56.93],[-61.342,56.933],[-61.355,56.91]]],[[[-61.558,56.551],[-61.325,56.512],[-61.36,56.471],[-61.174,56.476],[-61.224,56.45],[-61.148,56.441],[-61.474,56.466],[-61.503,56.436],[-61.63,56.465],[-61.63,56.49],[-61.417,56.483],[-61.633,56.506],[-61.571,56.518],[-61.602,56.552],[-61.558,56.551]]],[[[-61.546,56.39],[-61.474,56.406],[-61.411,56.372],[-61.464,56.345],[-61.416,56.322],[-61.482,56.309],[-61.686,56.352],[-61.796,56.413],[-61.546,56.39]]],[[[-61.089,56.169],[-61.045,56.153],[-61.065,56.123],[-60.944,56.094],[-61.009,56.035],[-60.934,56.011],[-61.04,56.005],[-61.22,56.05],[-61.226,56.098],[-61.149,56.091],[-61.183,56.106],[-61.089,56.169]]],[[[-60.747,55.931],[-60.751,55.909],[-60.686,55.921],[-60.756,55.88],[-60.902,55.871],[-60.815,55.885],[-60.874,55.904],[-60.865,55.952],[-60.747,55.931]]],[[[-57.94,54.911],[-57.988,54.867],[-57.983,54.802],[-57.938,54.827],[-57.884,54.802],[-57.864,54.832],[-57.841,54.812],[-57.881,54.79],[-58.139,54.757],[-58.224,54.835],[-58.215,54.878],[-58.17,54.854],[-57.94,54.911]]],[[[-55.876,50.862],[-55.906,50.896],[-56.097,50.716],[-56.091,50.759],[-56.116,50.746],[-56.133,50.773],[-56.103,50.898],[-56.155,50.885],[-56.157,50.69],[-56.099,50.679],[-56.108,50.651],[-56.206,50.595],[-56.24,50.524],[-56.321,50.523],[-56.258,50.502],[-56.404,50.374],[-56.501,50.382],[-56.423,50.352],[-56.462,50.272],[-56.566,50.157],[-56.67,50.129],[-56.635,50.1],[-56.743,50.022],[-56.778,49.933],[-56.718,49.949],[-56.759,49.836],[-56.906,49.746],[-56.781,49.727],[-56.857,49.545],[-56.735,49.666],[-56.477,49.892],[-56.417,49.842],[-56.431,49.89],[-56.365,49.896],[-56.388,49.943],[-56.33,50.024],[-56.153,50.15],[-56.116,50.153],[-56.062,50.071],[-56.188,49.923],[-56.005,50.031],[-56.028,49.97],[-55.977,49.991],[-55.962,50.035],[-55.905,50.033],[-55.746,49.923],[-55.671,49.973],[-55.594,49.962],[-55.491,50.007],[-55.459,49.957],[-55.492,49.917],[-55.891,49.759],[-56.002,49.748],[-56.007,49.716],[-56.16,49.622],[-56.172,49.579],[-56.044,49.669],[-55.893,49.714],[-55.958,49.672],[-55.833,49.686],[-55.938,49.603],[-55.88,49.584],[-55.937,49.529],[-56.08,49.486],[-56.129,49.425],[-55.827,49.524],[-55.72,49.475],[-55.779,49.442],[-55.674,49.466],[-55.698,49.427],[-55.664,49.381],[-55.523,49.486],[-55.568,49.418],[-55.566,49.362],[-55.489,49.47],[-55.369,49.503],[-55.349,49.487],[-55.431,49.422],[-55.316,49.451],[-55.444,49.355],[-55.391,49.374],[-55.373,49.331],[-55.328,49.406],[-55.32,49.38],[-55.293,49.401],[-55.301,49.36],[-55.338,49.355],[-55.304,49.311],[-55.3,49.348],[-55.233,49.394],[-55.311,49.529],[-55.228,49.538],[-55.196,49.5],[-55.193,49.539],[-55.137,49.54],[-55.124,49.465],[-55.232,49.347],[-55.221,49.261],[-55.365,49.165],[-55.319,49.149],[-55.339,49.122],[-55.307,49.099],[-55.383,49.04],[-55.182,49.12],[-55.272,49.099],[-55.279,49.16],[-55.253,49.183],[-55.288,49.187],[-55.058,49.284],[-55.078,49.356],[-55.037,49.321],[-55.007,49.339],[-54.99,49.286],[-55.041,49.224],[-54.982,49.257],[-54.959,49.299],[-54.909,49.275],[-54.871,49.293],[-54.858,49.332],[-54.89,49.354],[-54.848,49.41],[-54.824,49.269],[-54.777,49.299],[-54.767,49.352],[-54.739,49.32],[-54.541,49.526],[-54.447,49.543],[-54.53,49.444],[-54.431,49.47],[-54.488,49.371],[-54.452,49.333],[-54.486,49.259],[-54.4,49.325],[-54.407,49.374],[-54.358,49.426],[-54.248,49.397],[-54.219,49.417],[-54.228,49.361],[-54.206,49.402],[-54.166,49.378],[-54.139,49.448],[-54.041,49.48],[-53.988,49.458],[-54.033,49.427],[-53.927,49.451],[-53.455,49.251],[-53.56,49.124],[-53.619,49.117],[-53.581,49.092],[-53.593,49.035],[-53.835,49.032],[-53.725,49.009],[-53.888,48.982],[-53.813,48.925],[-53.974,48.891],[-53.883,48.886],[-53.98,48.828],[-54.178,48.8],[-54.199,48.768],[-54.172,48.761],[-53.99,48.81],[-53.998,48.761],[-53.957,48.772],[-53.98,48.785],[-53.934,48.83],[-53.82,48.829],[-53.808,48.805],[-53.913,48.798],[-53.9,48.759],[-53.843,48.772],[-53.89,48.733],[-54.022,48.74],[-53.937,48.722],[-53.948,48.666],[-53.893,48.646],[-53.932,48.624],[-53.79,48.679],[-53.924,48.671],[-53.831,48.749],[-53.851,48.702],[-53.742,48.711],[-53.703,48.685],[-53.722,48.654],[-53.599,48.684],[-53.658,48.641],[-53.928,48.575],[-53.952,48.539],[-53.715,48.559],[-53.789,48.543],[-53.75,48.507],[-53.902,48.479],[-54.011,48.421],[-54.094,48.425],[-54.163,48.383],[-54.127,48.353],[-54.075,48.401],[-53.992,48.402],[-53.841,48.47],[-53.811,48.465],[-53.884,48.383],[-53.834,48.371],[-53.849,48.392],[-53.768,48.475],[-53.647,48.541],[-53.62,48.534],[-53.659,48.513],[-53.618,48.498],[-53.725,48.426],[-53.639,48.439],[-53.586,48.525],[-53.587,48.476],[-53.547,48.486],[-53.608,48.407],[-53.473,48.507],[-53.424,48.625],[-53.338,48.612],[-53.303,48.581],[-53.318,48.549],[-53.24,48.523],[-53.153,48.628],[-53.098,48.642],[-53.072,48.7],[-52.976,48.599],[-53.053,48.442],[-53.194,48.348],[-53.352,48.385],[-53.376,48.33],[-53.378,48.278],[-53.448,48.279],[-53.662,48.163],[-53.94,48.23],[-53.944,48.163],[-53.912,48.084],[-53.664,48.064],[-53.763,48.026],[-53.919,48.022],[-53.779,47.996],[-53.605,48.046],[-53.692,47.899],[-53.788,47.9],[-53.724,47.883],[-53.721,47.849],[-53.793,47.768],[-53.874,47.845],[-53.93,47.849],[-53.854,47.794],[-53.829,47.719],[-53.857,47.71],[-53.76,47.609],[-53.695,47.685],[-53.665,47.674],[-53.712,47.598],[-53.639,47.573],[-53.666,47.521],[-53.617,47.556],[-53.545,47.534],[-53.559,47.576],[-53.535,47.589],[-53.561,47.619],[-53.514,47.614],[-53.461,47.806],[-53.398,47.872],[-53.355,47.865],[-53.368,47.893],[-53.29,47.999],[-53.153,48.066],[-53.053,48.049],[-52.919,48.169],[-52.832,48.096],[-52.917,48.084],[-52.953,48.007],[-53.058,47.922],[-53.053,47.867],[-53.202,47.733],[-53.162,47.714],[-53.178,47.651],[-53.267,47.606],[-53.205,47.609],[-53.248,47.575],[-53.169,47.597],[-53.261,47.546],[-53.185,47.554],[-53.206,47.469],[-53.16,47.501],[-53.152,47.471],[-53.199,47.438],[-53.145,47.448],[-53.121,47.413],[-52.896,47.558],[-52.779,47.803],[-52.7,47.749],[-52.714,47.666],[-52.657,47.657],[-52.646,47.599],[-52.688,47.551],[-52.62,47.5],[-52.688,47.461],[-52.65,47.428],[-52.743,47.309],[-52.796,47.3],[-52.759,47.293],[-52.81,47.267],[-52.865,47.098],[-52.934,47.086],[-52.848,47.067],[-52.873,47.048],[-52.852,47.022],[-52.895,47.001],[-52.884,46.941],[-52.938,46.789],[-53.023,46.738],[-53.09,46.643],[-53.207,46.63],[-53.266,46.733],[-53.387,46.681],[-53.361,46.737],[-53.561,46.612],[-53.617,46.644],[-53.644,46.709],[-53.552,46.864],[-53.481,46.897],[-53.542,46.884],[-53.648,46.796],[-53.597,46.906],[-53.512,46.955],[-53.563,46.937],[-53.566,46.977],[-53.6,46.941],[-53.601,46.991],[-53.641,46.983],[-53.577,47.085],[-53.499,47.123],[-53.523,47.167],[-53.573,47.154],[-53.559,47.202],[-53.6,47.128],[-53.639,47.101],[-53.63,47.154],[-53.654,47.14],[-53.703,47.053],[-53.765,47.034],[-53.95,46.853],[-54.053,46.794],[-54.189,46.823],[-54.178,46.942],[-54.012,47.228],[-53.931,47.223],[-53.993,47.265],[-53.997,47.31],[-53.921,47.304],[-53.875,47.354],[-53.918,47.352],[-53.913,47.374],[-53.803,47.426],[-53.906,47.424],[-53.924,47.451],[-53.885,47.576],[-53.896,47.609],[-53.93,47.606],[-54.006,47.819],[-54.063,47.797],[-54.081,47.869],[-54.114,47.824],[-54.263,47.901],[-54.197,47.862],[-54.212,47.777],[-54.285,47.692],[-54.337,47.698],[-54.32,47.651],[-54.348,47.61],[-54.46,47.494],[-54.403,47.45],[-54.448,47.42],[-54.453,47.455],[-54.517,47.369],[-54.613,47.362],[-54.418,47.603],[-54.621,47.389],[-54.671,47.372],[-54.685,47.396],[-54.719,47.352],[-54.818,47.363],[-54.787,47.418],[-54.836,47.372],[-54.831,47.421],[-55.043,47.22],[-55.012,47.172],[-55.067,47.147],[-55.084,47.201],[-55.134,47.166],[-55.085,47.16],[-55.069,47.082],[-55.104,47.078],[-55.154,47.008],[-55.169,47.065],[-55.199,47.07],[-55.189,46.996],[-55.23,46.928],[-55.365,46.904],[-55.354,46.879],[-55.384,46.865],[-55.463,46.877],[-55.468,46.928],[-55.512,46.912],[-55.525,46.939],[-55.548,46.894],[-55.573,46.91],[-55.626,46.868],[-55.74,46.849],[-55.931,46.892],[-55.983,46.952],[-55.865,47.072],[-55.487,47.137],[-55.298,47.267],[-55.266,47.396],[-55.196,47.449],[-54.951,47.505],[-54.845,47.556],[-54.841,47.583],[-54.876,47.57],[-54.85,47.607],[-54.697,47.664],[-54.769,47.678],[-54.949,47.599],[-55.079,47.589],[-54.936,47.781],[-55.119,47.576],[-55.153,47.604],[-55.13,47.661],[-55.176,47.635],[-55.318,47.668],[-55.363,47.649],[-55.357,47.726],[-55.392,47.691],[-55.427,47.711],[-55.422,47.672],[-55.467,47.619],[-55.4,47.615],[-55.432,47.581],[-55.389,47.586],[-55.406,47.493],[-55.521,47.459],[-55.587,47.398],[-55.587,47.453],[-55.664,47.436],[-55.588,47.51],[-55.628,47.541],[-55.654,47.495],[-55.705,47.502],[-55.705,47.475],[-55.763,47.454],[-55.763,47.538],[-55.801,47.459],[-55.857,47.473],[-55.925,47.439],[-55.745,47.585],[-56.104,47.463],[-56.169,47.492],[-55.805,47.605],[-55.628,47.674],[-55.838,47.617],[-55.917,47.657],[-55.83,47.732],[-55.799,47.799],[-55.821,47.834],[-55.742,47.923],[-55.773,47.956],[-55.854,47.794],[-55.987,47.757],[-56.054,47.695],[-56.106,47.693],[-56.111,47.724],[-56.053,47.773],[-56.1,47.75],[-56.156,47.832],[-56.125,47.757],[-56.168,47.715],[-56.141,47.684],[-56.191,47.676],[-56.161,47.634],[-56.216,47.655],[-56.232,47.625],[-56.299,47.622],[-56.309,47.748],[-56.334,47.695],[-56.31,47.639],[-56.345,47.608],[-56.682,47.623],[-56.639,47.587],[-56.678,47.574],[-56.756,47.629],[-56.751,47.589],[-56.706,47.565],[-56.779,47.526],[-56.849,47.522],[-56.851,47.548],[-56.992,47.583],[-57.126,47.563],[-57.168,47.583],[-57.141,47.598],[-57.171,47.632],[-57.184,47.598],[-57.312,47.58],[-57.334,47.639],[-57.488,47.623],[-57.537,47.647],[-57.643,47.597],[-57.738,47.653],[-57.77,47.614],[-57.916,47.648],[-57.884,47.696],[-57.952,47.661],[-58.036,47.696],[-58.074,47.666],[-58.079,47.695],[-58.353,47.643],[-58.272,47.751],[-58.338,47.745],[-58.43,47.633],[-58.535,47.666],[-58.535,47.631],[-58.606,47.611],[-58.642,47.628],[-58.69,47.598],[-59.118,47.554],[-59.304,47.609],[-59.28,47.751],[-59.322,47.761],[-59.4,47.906],[-59.316,47.934],[-59.218,48.029],[-58.978,48.123],[-58.587,48.43],[-58.492,48.45],[-58.591,48.398],[-58.483,48.427],[-58.418,48.486],[-58.265,48.517],[-58.519,48.5],[-58.569,48.538],[-58.682,48.554],[-59.246,48.466],[-59.228,48.529],[-58.774,48.778],[-58.958,48.613],[-58.895,48.588],[-58.896,48.551],[-58.848,48.588],[-58.848,48.634],[-58.817,48.569],[-58.709,48.57],[-58.658,48.743],[-58.543,48.86],[-58.5,49.003],[-58.351,49.15],[-58.36,49.056],[-58.171,49.061],[-58.06,48.976],[-57.961,48.956],[-57.892,48.981],[-58.009,48.98],[-58.108,49.037],[-58.144,49.121],[-57.925,49.123],[-57.849,49.181],[-57.939,49.145],[-57.969,49.164],[-57.924,49.188],[-58.091,49.15],[-58.107,49.183],[-57.994,49.18],[-57.928,49.24],[-58.039,49.212],[-58.2,49.239],[-58.241,49.291],[-58.223,49.39],[-58.152,49.468],[-57.998,49.559],[-57.92,49.527],[-57.918,49.465],[-57.88,49.428],[-57.906,49.477],[-57.863,49.506],[-57.746,49.453],[-57.696,49.463],[-57.788,49.5],[-57.824,49.559],[-57.877,49.528],[-57.944,49.607],[-57.948,49.674],[-57.601,50.174],[-57.526,50.364],[-57.372,50.59],[-57.15,50.616],[-57.261,50.613],[-57.277,50.63],[-57.24,50.641],[-57.398,50.692],[-57.351,50.723],[-57.23,50.729],[-57.089,50.78],[-56.977,50.873],[-56.972,50.909],[-56.927,50.915],[-56.989,50.929],[-56.966,50.968],[-57.089,51.019],[-57.004,51.016],[-56.976,50.985],[-56.902,51.013],[-56.978,51.05],[-56.88,51.065],[-56.86,51.113],[-56.784,51.137],[-56.806,51.189],[-56.746,51.204],[-56.793,51.239],[-56.688,51.336],[-56.11,51.523],[-55.89,51.629],[-55.822,51.618],[-55.884,51.562],[-55.841,51.545],[-55.877,51.492],[-55.62,51.472],[-55.739,51.556],[-55.617,51.61],[-55.653,51.59],[-55.625,51.565],[-55.515,51.602],[-55.404,51.571],[-55.419,51.548],[-55.467,51.563],[-55.432,51.537],[-55.45,51.499],[-55.533,51.5],[-55.452,51.46],[-55.508,51.363],[-55.562,51.388],[-55.559,51.342],[-55.609,51.344],[-55.597,51.303],[-55.759,51.346],[-56.085,51.368],[-56.096,51.318],[-56.025,51.308],[-56.01,51.27],[-56.075,51.227],[-56.013,51.213],[-55.965,51.153],[-55.941,51.155],[-55.959,51.197],[-55.837,51.23],[-55.709,51.173],[-55.746,51.158],[-55.719,51.123],[-55.735,51.074],[-55.81,51.056],[-55.776,51.029],[-55.836,50.968],[-55.819,50.925],[-55.859,50.942],[-55.873,50.908],[-55.844,50.904],[-55.876,50.862]]]]},"properties":{"name":"Newfoundland and Labrador"}},{"type":"Feature","geometry":{"type":"MultiPolygon","coordinates":[[[[-131.077,52.15],[-130.948,52.093],[-130.992,52.06],[-131.07,52.072],[-130.985,52.012],[-131.041,52.022],[-131.007,51.978],[-131.039,51.966],[-131.021,51.94],[-131.11,51.999],[-131.085,52.023],[-131.12,52.055],[-131.122,52.123],[-131.077,52.15]]],[[[-130.164,55.014],[-130.149,54.947],[-130.27,54.83],[-130.399,54.764],[-130.459,54.817],[-130.213,55.012],[-130.164,55.014]]],[[[-130.458,54.8],[-130.435,54.763],[-130.463,54.708],[-130.538,54.703],[-130.61,54.753],[-130.458,54.8]]],[[[-130.746,54.615],[-130.76,54.554],[-130.964,54.456],[-130.925,54.619],[-130.746,54.615]]],[[[-132.88,53.6],[-133.007,53.676],[-132.925,53.69],[-132.979,53.71],[-132.972,53.763],[-133.033,53.752],[-133.109,53.786],[-133.067,53.82],[-133.134,53.87],[-133.139,53.908],[-133.09,53.954],[-133.102,53.994],[-133.041,54.031],[-133.081,54.102],[-133.029,54.158],[-133.067,54.173],[-132.827,54.122],[-132.658,54.142],[-132.575,54.115],[-132.566,54.029],[-132.664,53.983],[-132.681,53.952],[-132.658,53.939],[-132.409,54.098],[-132.29,54.11],[-132.228,54.065],[-132.232,54.025],[-132.162,54.005],[-132.111,53.878],[-132.225,53.78],[-132.663,53.679],[-132.595,53.672],[-132.599,53.626],[-132.541,53.664],[-132.491,53.642],[-132.35,53.668],[-132.463,53.612],[-132.468,53.57],[-132.418,53.606],[-132.279,53.623],[-132.328,53.643],[-132.315,53.666],[-132.2,53.652],[-132.155,53.699],[-132.19,53.783],[-132.079,53.889],[-132.133,54.01],[-132.177,54.04],[-131.971,54.025],[-131.727,54.106],[-131.655,54.159],[-131.705,53.966],[-131.868,53.793],[-131.865,53.721],[-131.933,53.615],[-131.911,53.351],[-131.982,53.251],[-132.21,53.23],[-132.272,53.21],[-132.237,53.188],[-132.124,53.194],[-132.186,53.16],[-132.316,53.189],[-132.322,53.159],[-132.446,53.143],[-132.459,53.183],[-132.499,53.159],[-132.536,53.178],[-132.52,53.193],[-132.577,53.2],[-132.549,53.231],[-132.703,53.257],[-132.609,53.314],[-132.537,53.321],[-132.752,53.316],[-132.697,53.376],[-132.514,53.358],[-132.41,53.294],[-132.4,53.33],[-132.52,53.412],[-132.66,53.434],[-132.66,53.489],[-132.688,53.448],[-132.752,53.457],[-132.719,53.49],[-132.743,53.515],[-132.867,53.463],[-132.823,53.516],[-132.923,53.519],[-132.889,53.557],[-132.968,53.551],[-132.994,53.587],[-132.88,53.6]]],[[[-130.336,54.067],[-130.228,53.964],[-130.344,53.835],[-130.406,53.834],[-130.427,53.871],[-130.483,53.843],[-130.497,53.873],[-130.449,53.888],[-130.407,53.963],[-130.327,53.966],[-130.349,53.997],[-130.443,53.978],[-130.482,53.893],[-130.667,53.963],[-130.698,53.914],[-130.617,53.857],[-130.642,53.832],[-130.71,53.856],[-130.72,53.934],[-130.661,53.99],[-130.411,54.1],[-130.336,54.067]]],[[[-129.479,53.249],[-129.491,53.209],[-129.572,53.209],[-129.658,53.296],[-129.635,53.311],[-129.66,53.342],[-129.711,53.334],[-129.807,53.384],[-129.815,53.466],[-129.895,53.477],[-129.87,53.545],[-129.922,53.563],[-129.883,53.579],[-129.936,53.587],[-129.911,53.611],[-130.016,53.572],[-130.056,53.603],[-129.965,53.641],[-129.874,53.638],[-129.949,53.659],[-130.083,53.641],[-130.099,53.702],[-130.209,53.728],[-130.21,53.81],[-130.286,53.837],[-130.266,53.881],[-130.186,53.916],[-130.03,53.845],[-129.523,53.496],[-129.635,53.48],[-129.491,53.47],[-129.425,53.43],[-129.453,53.296],[-129.516,53.302],[-129.479,53.249]]],[[[-130.271,53.797],[-130.225,53.774],[-130.225,53.72],[-130.119,53.686],[-130.091,53.569],[-130.329,53.618],[-130.403,53.682],[-130.287,53.748],[-130.301,53.793],[-130.271,53.797]]],[[[-128.823,53.7],[-128.872,53.661],[-128.871,53.572],[-128.986,53.58],[-129.085,53.505],[-129.086,53.446],[-129.163,53.382],[-129.153,53.638],[-129.008,53.693],[-128.823,53.7]]],[[[-130.391,53.616],[-129.92,53.424],[-129.729,53.215],[-129.742,53.178],[-129.931,53.158],[-130.014,53.246],[-130.078,53.27],[-130.094,53.325],[-130.14,53.321],[-130.203,53.378],[-130.305,53.384],[-130.412,53.493],[-130.333,53.514],[-130.458,53.514],[-130.527,53.552],[-130.508,53.631],[-130.391,53.616]]],[[[-128.985,53.523],[-128.901,53.386],[-128.918,53.331],[-129.122,53.318],[-129.134,53.383],[-129.054,53.45],[-129.037,53.52],[-128.985,53.523]]],[[[-129.168,53.296],[-129.131,53.113],[-129.274,53.084],[-129.332,53.137],[-129.338,53.184],[-129.245,53.282],[-129.273,53.328],[-129.226,53.326],[-129.168,53.296]]],[[[-128.593,52.659],[-128.597,52.609],[-128.751,52.6],[-128.727,52.662],[-128.748,52.754],[-128.644,52.904],[-128.653,52.966],[-128.679,52.957],[-128.681,52.898],[-128.742,52.914],[-128.724,52.876],[-128.78,52.739],[-128.766,52.661],[-128.801,52.693],[-128.892,52.648],[-129.08,52.772],[-129.119,52.869],[-129.016,52.844],[-129.068,52.889],[-128.983,52.934],[-128.941,53],[-128.836,53.035],[-129.011,53.139],[-128.993,53.097],[-128.862,53.034],[-128.957,53.008],[-129.069,52.903],[-129.165,52.923],[-129.188,53.024],[-129.161,53.071],[-129.115,53.064],[-129.073,53.109],[-129.058,53.231],[-129.086,53.293],[-128.891,53.287],[-128.705,53.17],[-128.605,53.145],[-128.531,53.021],[-128.517,52.927],[-128.593,52.659]]],[[[-131.074,52.219],[-131.014,52.225],[-131.024,52.178],[-131.113,52.167],[-131.136,52.209],[-131.143,52.14],[-131.189,52.121],[-131.212,52.191],[-131.277,52.24],[-131.232,52.161],[-131.236,52.126],[-131.27,52.12],[-131.349,52.233],[-131.36,52.189],[-131.505,52.321],[-131.551,52.323],[-131.532,52.351],[-131.571,52.35],[-131.58,52.39],[-131.51,52.408],[-131.613,52.422],[-131.661,52.478],[-131.775,52.511],[-131.892,52.582],[-131.933,52.653],[-132.081,52.727],[-132.04,52.76],[-131.968,52.726],[-132.002,52.776],[-131.917,52.722],[-131.951,52.781],[-132.077,52.854],[-132.055,52.793],[-132.127,52.75],[-132.236,52.824],[-132.225,52.864],[-132.283,52.874],[-132.343,52.942],[-132.245,52.953],[-132.171,52.923],[-132.199,52.96],[-132.141,52.932],[-132.157,52.964],[-132.112,52.997],[-132.339,53.037],[-132.479,53.027],[-132.552,53.089],[-132.528,53.112],[-132.562,53.145],[-132.413,53.127],[-132.07,53.153],[-131.985,53.212],[-131.794,53.251],[-131.762,53.196],[-131.784,53.164],[-131.637,53.109],[-131.594,53.035],[-131.794,53.073],[-131.998,53.051],[-131.945,53.041],[-131.917,52.984],[-131.847,53.043],[-131.644,53.003],[-131.598,52.975],[-131.628,52.942],[-131.611,52.926],[-131.687,52.869],[-131.802,52.864],[-131.898,52.941],[-131.944,52.931],[-131.891,52.909],[-131.982,52.879],[-131.886,52.889],[-131.852,52.861],[-131.88,52.833],[-131.812,52.797],[-131.649,52.8],[-131.851,52.766],[-131.806,52.748],[-131.837,52.71],[-131.726,52.695],[-131.681,52.637],[-131.705,52.621],[-131.615,52.568],[-131.66,52.538],[-131.467,52.501],[-131.483,52.479],[-131.415,52.458],[-131.447,52.39],[-131.391,52.39],[-131.397,52.353],[-131.347,52.368],[-131.353,52.418],[-131.236,52.439],[-131.301,52.38],[-131.304,52.356],[-131.247,52.365],[-131.263,52.342],[-131.358,52.343],[-131.328,52.285],[-131.226,52.251],[-131.248,52.302],[-131.136,52.311],[-131.089,52.249],[-131.18,52.228],[-131.074,52.219]]],[[[-129.462,53.179],[-129.313,53.057],[-129.289,52.971],[-129.414,53.01],[-129.475,53.101],[-129.544,53.128],[-129.521,53.183],[-129.462,53.179]]],[[[-128.498,52.87],[-128.45,52.805],[-128.512,52.641],[-128.539,52.703],[-128.498,52.87]]],[[[-128.17,52.817],[-128.247,52.62],[-128.284,52.598],[-128.324,52.776],[-128.225,52.782],[-128.17,52.817]]],[[[-129.231,52.816],[-128.923,52.606],[-128.943,52.469],[-128.982,52.453],[-129.008,52.525],[-129.109,52.552],[-129.118,52.604],[-129.21,52.648],[-129.224,52.677],[-129.193,52.683],[-129.27,52.719],[-129.281,52.817],[-129.231,52.816]]],[[[-128.373,52.791],[-128.274,52.489],[-128.365,52.382],[-128.441,52.368],[-128.467,52.393],[-128.394,52.465],[-128.423,52.474],[-128.437,52.543],[-128.45,52.626],[-128.418,52.708],[-128.441,52.746],[-128.373,52.791]]],[[[-131.468,52.73],[-131.439,52.701],[-131.458,52.63],[-131.59,52.662],[-131.593,52.633],[-131.547,52.611],[-131.585,52.585],[-131.709,52.705],[-131.574,52.726],[-131.674,52.704],[-131.549,52.688],[-131.468,52.73]]],[[[-128.535,52.647],[-128.464,52.473],[-128.486,52.437],[-128.536,52.434],[-128.682,52.514],[-128.714,52.483],[-128.813,52.519],[-128.802,52.546],[-128.697,52.52],[-128.738,52.587],[-128.577,52.593],[-128.552,52.665],[-128.535,52.647]]],[[[-128.616,52.448],[-128.617,52.329],[-128.675,52.266],[-128.726,52.316],[-128.759,52.449],[-128.674,52.482],[-128.616,52.448]]],[[[-127.596,52.151],[-127.653,52.13],[-127.717,51.98],[-127.879,51.944],[-127.901,51.985],[-127.879,52.084],[-127.789,52.221],[-127.51,52.306],[-127.4,52.395],[-127.263,52.436],[-127.234,52.416],[-127.244,52.369],[-127.207,52.344],[-127.232,52.313],[-127.596,52.151]]],[[[-128.092,52.408],[-128.056,52.328],[-128.213,52.279],[-128.114,52.418],[-128.092,52.408]]],[[[-127.961,52.289],[-127.907,52.204],[-127.924,52.174],[-128.092,52.192],[-128.011,52.231],[-128.046,52.258],[-128.169,52.249],[-128.047,52.3],[-127.961,52.289]]],[[[-128.148,52.183],[-128.151,52.081],[-128.206,52.018],[-128.253,52.019],[-128.291,52.118],[-128.239,52.184],[-128.148,52.183]]],[[[-128.031,52.163],[-127.879,52.166],[-127.962,52.074],[-128.105,52.1],[-128.114,52.149],[-128.031,52.163]]],[[[-127.951,52.046],[-127.97,51.925],[-128.032,51.84],[-128.018,51.77],[-128.131,51.743],[-128.11,51.801],[-128.132,51.855],[-128.254,51.865],[-128.199,51.913],[-128.222,51.953],[-128.145,52.038],[-127.951,52.046]]],[[[-127.998,51.711],[-127.873,51.464],[-127.914,51.41],[-128.003,51.468],[-128.081,51.474],[-128.153,51.601],[-128.136,51.661],[-127.998,51.711]]],[[[-127.121,49.852],[-127.241,49.961],[-127.178,50.009],[-127.176,50.061],[-127.091,50.099],[-127.09,50.141],[-127.172,50.091],[-127.292,50.146],[-127.277,50.055],[-127.38,50.026],[-127.47,50.085],[-127.42,50.128],[-127.485,50.128],[-127.428,50.18],[-127.596,50.115],[-127.635,50.135],[-127.609,50.18],[-127.65,50.175],[-127.788,50.081],[-127.906,50.12],[-127.745,50.241],[-127.844,50.275],[-127.804,50.321],[-127.931,50.316],[-127.978,50.342],[-127.923,50.462],[-127.584,50.486],[-127.446,50.372],[-127.57,50.512],[-127.49,50.568],[-127.414,50.575],[-127.419,50.596],[-127.553,50.568],[-127.596,50.596],[-127.873,50.623],[-127.786,50.582],[-127.634,50.578],[-127.595,50.536],[-127.995,50.466],[-128.058,50.486],[-128.051,50.446],[-128.224,50.531],[-128.241,50.587],[-128.336,50.636],[-128.272,50.669],[-128.375,50.678],[-128.416,50.769],[-128.064,50.872],[-127.909,50.871],[-127.507,50.772],[-127.477,50.7],[-127.408,50.746],[-127.407,50.7],[-127.2,50.612],[-126.854,50.554],[-126.852,50.523],[-126.776,50.546],[-126.592,50.476],[-126.327,50.48],[-126.069,50.438],[-125.947,50.384],[-125.725,50.352],[-125.564,50.363],[-125.431,50.31],[-125.351,50.149],[-125.368,50.125],[-125.3,50.105],[-125.168,49.912],[-125,49.796],[-124.866,49.711],[-124.883,49.666],[-124.977,49.668],[-124.789,49.464],[-124.716,49.463],[-124.535,49.373],[-124.17,49.311],[-124.11,49.275],[-124.175,49.255],[-123.957,49.228],[-123.909,49.127],[-123.81,49.115],[-123.749,49.035],[-123.757,48.986],[-123.831,48.997],[-123.582,48.831],[-123.603,48.795],[-123.565,48.789],[-123.567,48.744],[-123.648,48.75],[-123.538,48.691],[-123.509,48.587],[-123.535,48.529],[-123.475,48.568],[-123.476,48.631],[-123.439,48.647],[-123.469,48.679],[-123.401,48.681],[-123.341,48.508],[-123.276,48.451],[-123.336,48.396],[-123.443,48.443],[-123.546,48.307],[-123.583,48.301],[-123.762,48.361],[-123.924,48.366],[-124.423,48.516],[-124.438,48.532],[-124.396,48.565],[-124.489,48.539],[-124.688,48.578],[-124.822,48.652],[-125.113,48.731],[-125.184,48.8],[-125.005,48.889],[-125,48.939],[-124.842,49.015],[-124.78,49.131],[-124.807,49.24],[-124.826,49.122],[-124.906,49.001],[-125.092,48.972],[-125.15,48.996],[-125.241,48.951],[-125.331,48.969],[-125.258,49.018],[-125.341,49.036],[-125.371,48.979],[-125.483,48.915],[-125.737,49.049],[-125.876,49.088],[-125.858,49.11],[-125.738,49.105],[-125.605,49.21],[-125.753,49.147],[-125.735,49.257],[-125.802,49.255],[-125.776,49.365],[-125.846,49.258],[-125.894,49.273],[-125.97,49.224],[-126.023,49.268],[-125.945,49.316],[-125.904,49.435],[-126.001,49.321],[-126.065,49.348],[-126.052,49.446],[-126.19,49.4],[-126.258,49.445],[-126.296,49.357],[-126.403,49.411],[-126.422,49.47],[-126.48,49.443],[-126.466,49.38],[-126.542,49.374],[-126.577,49.407],[-126.555,49.444],[-126.566,49.584],[-126.47,49.635],[-126.134,49.649],[-126.086,49.657],[-126.103,49.679],[-126.324,49.648],[-126.438,49.664],[-126.483,49.702],[-126.408,49.77],[-126.456,49.788],[-126.497,49.712],[-126.584,49.701],[-126.645,49.892],[-126.731,49.88],[-126.829,49.964],[-126.8,49.913],[-126.845,49.882],[-126.884,49.879],[-126.914,49.965],[-126.939,49.862],[-127.121,49.852]]],[[[-126.797,50.768],[-126.864,50.789],[-126.905,50.822],[-126.881,50.83],[-126.794,50.804],[-126.779,50.831],[-126.643,50.846],[-126.563,50.799],[-126.797,50.768]]],[[[-126.251,50.818],[-126.176,50.743],[-126.243,50.717],[-126.266,50.654],[-126.617,50.664],[-126.389,50.806],[-126.251,50.818]]],[[[-126.336,50.521],[-126.623,50.533],[-126.286,50.598],[-126.224,50.556],[-126.336,50.521]]],[[[-125.37,50.455],[-125.33,50.425],[-125.385,50.369],[-125.457,50.349],[-125.536,50.379],[-125.37,50.455]]],[[[-125.273,50.431],[-125.168,50.382],[-125.051,50.226],[-125.049,50.193],[-125.088,50.197],[-125.133,50.122],[-125.154,50.133],[-125.126,50.219],[-125.213,50.316],[-125.393,50.295],[-125.388,50.343],[-125.313,50.34],[-125.32,50.385],[-125.273,50.431]]],[[[-124.898,50.293],[-124.811,50.275],[-124.82,50.205],[-124.756,50.178],[-124.806,50.113],[-124.87,50.156],[-124.834,50.192],[-124.915,50.188],[-124.963,50.236],[-124.898,50.293]]],[[[-125.345,50.263],[-125.254,50.293],[-125.167,50.213],[-125.186,50.141],[-125.233,50.118],[-125.178,50.078],[-125.167,49.98],[-125.215,50.078],[-125.323,50.143],[-125.345,50.263]]],[[[-124.983,50.225],[-124.891,50.068],[-124.987,50.012],[-125,50.064],[-125.067,50.107],[-124.982,50.176],[-125.005,50.225],[-124.983,50.225]]],[[[-126.768,49.878],[-126.681,49.849],[-126.636,49.759],[-126.613,49.648],[-126.633,49.596],[-126.807,49.619],[-126.974,49.74],[-126.855,49.776],[-126.988,49.811],[-126.97,49.832],[-126.768,49.878]]],[[[-124.122,49.493],[-124.44,49.612],[-124.476,49.671],[-124.654,49.736],[-124.656,49.796],[-124.351,49.698],[-124.122,49.493]]],[[[-126.126,49.39],[-126.072,49.343],[-126.064,49.25],[-126.239,49.289],[-126.234,49.374],[-126.126,49.39]]],[[[-123.674,49.093],[-123.521,48.96],[-123.312,48.868],[-123.378,48.856],[-123.529,48.938],[-123.662,49.035],[-123.705,49.1],[-123.674,49.093]]],[[[-123.577,48.929],[-123.433,48.844],[-123.494,48.845],[-123.371,48.757],[-123.456,48.765],[-123.431,48.721],[-123.524,48.722],[-123.551,48.752],[-123.532,48.795],[-123.571,48.829],[-123.547,48.859],[-123.592,48.898],[-123.596,48.946],[-123.577,48.929]]],[[[-117.03,49],[-117.437,49],[-118.199,49],[-118.842,49],[-120.855,48.999],[-122.76,48.999],[-122.862,49.022],[-122.859,49.077],[-122.9,49.087],[-123.039,49.042],[-123.034,48.999],[-123.145,49.058],[-123.036,49.149],[-123.115,49.108],[-123.205,49.123],[-123.203,49.194],[-123.127,49.195],[-123.248,49.273],[-123.146,49.271],[-123.147,49.308],[-122.923,49.288],[-122.852,49.436],[-122.876,49.455],[-122.901,49.36],[-122.953,49.31],[-123.269,49.331],[-123.288,49.374],[-123.233,49.426],[-123.256,49.512],[-123.159,49.699],[-123.241,49.66],[-123.254,49.588],[-123.492,49.509],[-123.476,49.419],[-123.535,49.381],[-123.749,49.461],[-123.896,49.47],[-124.068,49.633],[-124.021,49.726],[-123.94,49.742],[-123.833,49.627],[-123.769,49.504],[-123.759,49.601],[-123.614,49.639],[-123.534,49.701],[-123.796,49.638],[-123.931,49.764],[-123.872,49.877],[-123.959,49.981],[-123.744,50.086],[-123.821,50.152],[-123.985,50.216],[-123.809,50.099],[-123.999,50.006],[-123.979,49.916],[-123.911,49.869],[-123.926,49.825],[-124.004,49.81],[-124.037,49.922],[-124.071,49.873],[-124.046,49.841],[-124.084,49.799],[-124.257,49.775],[-124.271,49.742],[-124.511,49.796],[-124.532,49.844],[-124.741,49.958],[-124.829,50.061],[-124.686,49.984],[-124.704,50.03],[-124.668,50.076],[-124.7,50.108],[-124.626,50.165],[-124.601,50.238],[-124.714,50.327],[-124.651,50.389],[-124.434,50.431],[-124.347,50.502],[-124.563,50.42],[-124.671,50.425],[-124.83,50.309],[-124.959,50.333],[-124.948,50.375],[-124.994,50.43],[-124.995,50.353],[-125.078,50.322],[-125.056,50.476],[-125,50.49],[-124.858,50.59],[-124.86,50.678],[-124.822,50.723],[-124.913,50.793],[-124.786,50.884],[-124.849,50.935],[-124.912,50.841],[-124.983,50.803],[-124.897,50.729],[-124.921,50.661],[-124.903,50.619],[-125.104,50.496],[-125.114,50.436],[-125.17,50.412],[-125.246,50.462],[-125.245,50.503],[-125.315,50.465],[-125.363,50.541],[-125.421,50.465],[-125.573,50.458],[-125.527,50.54],[-125.532,50.627],[-125.432,50.713],[-125.547,50.661],[-125.573,50.544],[-125.623,50.506],[-125.613,50.465],[-125.7,50.428],[-125.795,50.496],[-125.738,50.516],[-125.815,50.534],[-125.952,50.468],[-126.275,50.507],[-126.232,50.536],[-126.175,50.519],[-126.17,50.573],[-125.94,50.629],[-126.207,50.588],[-126.273,50.632],[-125.704,50.678],[-125.677,50.734],[-125.611,50.764],[-125.641,50.853],[-125.546,50.861],[-125.505,50.933],[-125.551,51.042],[-125.633,51.096],[-125.581,50.953],[-125.542,50.932],[-125.674,50.866],[-125.68,50.815],[-125.643,50.783],[-125.703,50.764],[-125.746,50.708],[-125.936,50.681],[-125.995,50.708],[-126.21,50.665],[-126.208,50.707],[-126.024,50.793],[-126.181,50.778],[-126.177,50.868],[-126.493,50.816],[-126.552,50.834],[-126.557,50.876],[-126.494,50.918],[-126.225,50.898],[-126.17,50.936],[-126.463,50.948],[-126.516,51.07],[-126.549,51.014],[-126.524,50.937],[-126.661,50.868],[-126.854,50.939],[-126.917,50.899],[-127.176,50.929],[-127.062,50.885],[-126.917,50.876],[-127.022,50.817],[-127.254,50.913],[-127.398,50.926],[-127.441,50.947],[-127.42,50.978],[-127.535,51.0],[-127.502,51.097],[-127.381,51.059],[-127.33,51.047],[-127.236,51.041],[-126.848,51.069],[-126.765,51.056],[-126.711,51.0],[-126.704,51.039],[-126.743,51.082],[-126.652,51.149],[-126.658,51.192],[-126.806,51.089],[-127.206,51.056],[-127.388,51.067],[-127.5,51.118],[-127.649,51.092],[-127.79,51.165],[-127.761,51.249],[-127.565,51.293],[-127.306,51.28],[-127.143,51.318],[-127.115,51.391],[-127.188,51.323],[-127.28,51.301],[-127.509,51.31],[-127.465,51.358],[-127.57,51.328],[-127.784,51.333],[-127.778,51.361],[-127.663,51.385],[-127.551,51.468],[-127.5,51.613],[-127.233,51.662],[-126.663,51.648],[-126.605,51.713],[-126.663,51.797],[-126.639,51.709],[-126.693,51.664],[-127.053,51.697],[-127.274,51.683],[-127.336,51.712],[-127.425,51.666],[-127.433,51.75],[-127.361,51.771],[-127.351,51.863],[-127.392,51.777],[-127.453,51.772],[-127.474,51.704],[-127.644,51.698],[-127.462,51.667],[-127.54,51.638],[-127.585,51.57],[-127.561,51.538],[-127.64,51.458],[-127.754,51.479],[-127.656,51.508],[-127.795,51.526],[-127.787,51.56],[-127.84,51.641],[-127.878,51.673],[-127.866,51.899],[-127.789,51.941],[-127.667,51.949],[-127.651,52.051],[-127.58,52.129],[-127.48,52.151],[-127.462,52.112],[-127.584,52.093],[-127.62,52.027],[-127.547,52.079],[-127.411,52.09],[-127.453,52.179],[-127.245,52.248],[-127.171,52.312],[-127.004,52.303],[-126.938,52.246],[-126.937,52.196],[-126.751,52.078],[-126.669,51.983],[-126.669,52.041],[-126.751,52.125],[-126.9,52.205],[-126.94,52.303],[-126.867,52.354],[-126.736,52.378],[-126.792,52.395],[-126.981,52.335],[-127.082,52.334],[-127.186,52.38],[-127.234,52.517],[-127.074,52.616],[-126.989,52.631],[-126.922,52.718],[-126.966,52.828],[-127.071,52.883],[-126.98,52.724],[-127.075,52.639],[-127.257,52.545],[-127.266,52.464],[-127.452,52.404],[-127.611,52.294],[-127.746,52.276],[-127.714,52.353],[-127.736,52.349],[-127.858,52.206],[-127.928,52.304],[-127.905,52.346],[-127.841,52.365],[-127.916,52.445],[-127.869,52.506],[-127.9,52.509],[-127.93,52.434],[-127.889,52.384],[-127.963,52.321],[-128.057,52.394],[-128.068,52.447],[-128.009,52.508],[-127.937,52.499],[-127.879,52.579],[-128.099,52.503],[-128.151,52.409],[-128.304,52.269],[-128.393,52.291],[-128.224,52.459],[-128.239,52.566],[-128.113,52.748],[-128.139,52.837],[-128.128,52.88],[-128.025,52.912],[-128.139,52.924],[-128.235,52.805],[-128.441,52.822],[-128.495,52.887],[-128.537,53.073],[-128.496,53.097],[-128.554,53.118],[-128.481,53.141],[-128.571,53.142],[-128.663,53.239],[-128.685,53.189],[-128.858,53.283],[-128.878,53.338],[-128.846,53.368],[-128.883,53.369],[-128.889,53.43],[-128.829,53.477],[-128.923,53.453],[-128.972,53.553],[-128.866,53.535],[-128.794,53.568],[-128.754,53.493],[-128.67,53.45],[-128.692,53.485],[-128.643,53.474],[-128.495,53.388],[-128.481,53.339],[-128.474,53.389],[-128.504,53.407],[-128.373,53.442],[-128.352,53.475],[-128.131,53.448],[-128.071,53.396],[-128.099,53.336],[-128.032,53.367],[-127.952,53.326],[-127.946,53.252],[-127.867,53.239],[-127.93,53.284],[-127.925,53.329],[-128.05,53.395],[-128.114,53.488],[-128.38,53.499],[-128.389,53.462],[-128.517,53.431],[-128.756,53.56],[-128.816,53.623],[-128.764,53.719],[-128.793,53.764],[-128.77,53.795],[-128.689,53.812],[-128.643,53.863],[-128.471,53.832],[-128.688,53.889],[-128.609,54.031],[-128.685,54.0],[-128.72,53.938],[-128.931,53.774],[-128.904,53.856],[-128.943,53.809],[-128.95,53.878],[-129.003,53.893],[-128.966,53.863],[-128.964,53.782],[-129.009,53.762],[-129.056,53.811],[-129.028,53.748],[-129.232,53.625],[-129.261,53.517],[-129.231,53.5],[-129.237,53.433],[-129.31,53.379],[-129.606,53.567],[-129.734,53.675],[-129.699,53.671],[-129.713,53.699],[-129.989,53.845],[-129.962,53.885],[-130.031,53.876],[-130.101,53.946],[-130.09,54.071],[-130.046,54.153],[-129.95,54.158],[-129.839,54.027],[-129.718,53.951],[-129.737,54.001],[-129.834,54.054],[-129.929,54.183],[-129.831,54.219],[-129.614,54.178],[-129.47,54.237],[-129.616,54.194],[-129.854,54.238],[-130.122,54.154],[-130.278,54.208],[-130.279,54.243],[-130.195,54.259],[-130.26,54.337],[-130.25,54.4],[-130.275,54.349],[-130.348,54.326],[-130.481,54.364],[-130.473,54.435],[-130.381,54.458],[-130.433,54.496],[-130.429,54.562],[-130.375,54.571],[-130.439,54.612],[-130.416,54.63],[-130.063,54.339],[-129.982,54.311],[-129.959,54.326],[-130.038,54.341],[-130.089,54.402],[-130.059,54.479],[-129.978,54.516],[-130.067,54.494],[-130.082,54.434],[-130.123,54.427],[-130.351,54.618],[-130.368,54.667],[-130.171,54.703],[-130.0,54.614],[-129.88,54.614],[-130.004,54.632],[-130.079,54.691],[-130.201,54.726],[-130.155,54.815],[-130.05,54.886],[-130.173,54.846],[-130.031,54.965],[-129.954,54.959],[-129.974,54.914],[-129.824,54.989],[-129.622,54.997],[-129.998,55.018],[-129.961,55.093],[-129.86,55.17],[-129.815,55.255],[-129.749,55.288],[-129.643,55.434],[-129.523,55.439],[-129.471,55.472],[-129.636,55.456],[-129.708,55.409],[-129.811,55.629],[-129.772,55.473],[-129.839,55.387],[-129.824,55.361],[-129.79,55.398],[-129.808,55.367],[-129.782,55.353],[-129.83,55.323],[-129.813,55.289],[-129.92,55.151],[-130.068,54.996],[-130.113,54.996],[-130.16,55.086],[-129.943,55.282],[-130.007,55.355],[-130.024,55.464],[-130.101,55.556],[-130.074,55.672],[-130.174,55.754],[-130.015,55.909],[-130.088,56.118],[-130.414,56.128],[-130.461,56.235],[-130.627,56.258],[-130.774,56.366],[-131.054,56.398],[-131.557,56.602],[-131.824,56.596],[-131.861,56.799],[-132.103,56.866],[-132.027,57.036],[-132.336,57.088],[-132.226,57.204],[-133.136,58.135],[-133.361,58.28],[-133.429,58.459],[-133.826,58.726],[-134.245,58.856],[-134.461,59.126],[-134.566,59.13],[-134.688,59.243],[-134.951,59.279],[-134.989,59.389],[-135.091,59.426],[-135.021,59.471],[-135.014,59.567],[-135.473,59.801],[-136.343,59.602],[-136.233,59.525],[-136.463,59.469],[-136.462,59.289],[-136.583,59.163],[-136.808,59.165],[-137.465,58.906],[-137.59,59.238],[-138.615,59.774],[-138.69,59.906],[-138.938,59.997],[-134.906,60],[-134.639,60.0],[-134.151,59.999],[-133.791,60],[-125.0,60.003],[-123.816,59.994],[-119.982,59.988],[-120.0,54.005],[-120.0,53.808],[-119.904,53.778],[-119.921,53.718],[-119.81,53.707],[-119.735,53.634],[-119.768,53.603],[-119.932,53.607],[-119.882,53.56],[-119.902,53.52],[-119.842,53.518],[-119.778,53.446],[-119.738,53.395],[-119.606,53.378],[-119.385,53.361],[-119.348,53.275],[-119.265,53.196],[-119.045,53.137],[-119.013,53.144],[-119.012,53.223],[-118.978,53.237],[-118.759,53.124],[-118.781,53.055],[-118.669,53.034],[-118.679,52.97],[-118.625,52.884],[-118.491,52.897],[-118.415,52.836],[-118.428,52.786],[-118.346,52.743],[-118.305,52.674],[-118.349,52.618],[-118.281,52.565],[-118.286,52.527],[-118.208,52.48],[-118.259,52.442],[-118.223,52.365],[-118.145,52.398],[-118.047,52.404],[-118.005,52.487],[-117.902,52.424],[-117.754,52.403],[-117.731,52.344],[-117.829,52.272],[-117.76,52.2],[-117.687,52.196],[-117.6,52.13],[-117.363,52.138],[-117.318,52.181],[-117.269,52.044],[-117.039,51.908],[-116.919,51.709],[-116.812,51.715],[-116.815,51.75],[-116.746,51.799],[-116.658,51.796],[-116.597,51.716],[-116.595,51.657],[-116.488,51.613],[-116.466,51.566],[-116.399,51.544],[-116.379,51.488],[-116.305,51.461],[-116.306,51.388],[-116.262,51.316],[-116.06,51.246],[-116.026,51.216],[-116.016,51.138],[-115.957,51.103],[-115.776,51.073],[-115.759,51.035],[-115.618,50.969],[-115.571,50.903],[-115.647,50.854],[-115.527,50.791],[-115.419,50.754],[-115.395,50.716],[-115.346,50.732],[-115.311,50.706],[-115.283,50.658],[-115.32,50.638],[-115.218,50.546],[-115.101,50.588],[-115.016,50.575],[-114.836,50.396],[-114.77,50.358],[-114.793,50.334],[-114.754,50.288],[-114.724,50.125],[-114.658,50.065],[-114.643,49.977],[-114.684,49.957],[-114.687,49.913],[-114.626,49.797],[-114.636,49.727],[-114.679,49.632],[-114.738,49.608],[-114.689,49.547],[-114.576,49.556],[-114.599,49.442],[-114.576,49.389],[-114.476,49.341],[-114.429,49.265],[-114.376,49.256],[-114.372,49.204],[-114.225,49.188],[-114.154,49.148],[-114.156,49.103],[-114.035,49.031],[-114.06,49],[-114.062,49],[-114.728,49],[-116.062,49],[-117.03,49]]]]},"properties":{"name":"British Columbia"}},{"type":"Feature","geometry":{"type":"MultiPolygon","coordinates":[[[[-109.978,78.671],[-109.405,78.556],[-109.326,78.518],[-109.333,78.493],[-109.254,78.478],[-109.354,78.388],[-109.318,78.358],[-109.404,78.306],[-109.824,78.293],[-109.983,78.325],[-109.978,78.671]]],[[[-109.791,78.099],[-109.58,78.058],[-109.705,77.959],[-109.987,77.924],[-109.985,78.101],[-109.791,78.099]]],[[[-108.482,76.456],[-108.607,76.41],[-108.318,76.394],[-108.077,76.279],[-108.218,76.258],[-108.093,76.214],[-108.38,76.165],[-108.408,76.147],[-108.394,76.124],[-108.456,76.099],[-108.384,76.086],[-108.496,76.039],[-107.838,76.061],[-107.632,75.991],[-107.785,75.928],[-107.75,75.905],[-107.93,75.885],[-108.031,75.822],[-108.02,75.78],[-107.873,75.798],[-107.739,75.879],[-107.369,75.911],[-107.064,75.892],[-107.043,75.883],[-107.085,75.872],[-107.098,75.823],[-106.958,75.791],[-107.031,75.771],[-106.951,75.747],[-106.963,75.702],[-106.874,75.644],[-106.905,75.686],[-106.861,75.754],[-106.88,75.765],[-106.615,75.797],[-106.888,75.834],[-106.863,75.886],[-106.896,75.941],[-106.869,75.964],[-106.606,76.057],[-105.97,76.012],[-105.668,75.955],[-105.478,75.863],[-105.445,75.83],[-105.463,75.779],[-105.419,75.743],[-105.459,75.729],[-105.388,75.656],[-105.496,75.555],[-105.751,75.489],[-105.592,75.467],[-105.714,75.416],[-105.646,75.365],[-105.866,75.275],[-105.937,75.214],[-105.844,75.183],[-105.885,75.14],[-106.07,75.106],[-105.993,75.055],[-106.725,75.002],[-106.93,74.933],[-107.197,74.91],[-107.662,74.966],[-107.723,75.016],[-107.681,75.042],[-107.695,75.075],[-107.773,75.096],[-107.743,75.037],[-108,75.001],[-107.948,74.958],[-108.016,74.943],[-107.941,74.93],[-108.373,74.91],[-108.807,74.983],[-108.511,74.976],[-108.651,75.053],[-108.832,75.069],[-108.949,75.04],[-108.967,75.018],[-108.937,75.003],[-109.034,75.003],[-108.996,74.984],[-109.345,74.944],[-109.398,74.896],[-109.627,74.856],[-109.872,74.869],[-110.008,74.833],[-110.004,75.532],[-109.664,75.531],[-108.899,75.476],[-108.932,75.528],[-109.03,75.552],[-108.853,75.56],[-108.895,75.586],[-108.836,75.615],[-108.936,75.674],[-108.827,75.686],[-109.391,75.769],[-109.464,75.786],[-109.413,75.799],[-109.691,75.806],[-109.626,75.832],[-109.702,75.841],[-109.663,75.87],[-109.907,75.849],[-110.001,75.875],[-110.001,75.898],[-109.672,75.943],[-109.397,76.011],[-109.433,76.029],[-109.405,76.04],[-109.29,76.034],[-109.387,76.066],[-109.313,76.109],[-109.521,76.181],[-109.72,76.194],[-109.699,76.218],[-109.882,76.233],[-109.896,76.193],[-109.999,76.224],[-109.997,76.474],[-109.746,76.505],[-109.711,76.529],[-109.847,76.532],[-109.759,76.568],[-109.776,76.593],[-109.664,76.583],[-109.654,76.614],[-109.555,76.626],[-109.562,76.658],[-109.508,76.717],[-109.35,76.749],[-109.302,76.796],[-108.918,76.809],[-108.773,76.857],[-108.651,76.813],[-108.688,76.766],[-108.527,76.76],[-108.446,76.723],[-108.441,76.696],[-108.544,76.646],[-108.727,76.638],[-108.69,76.6],[-108.528,76.553],[-108.628,76.517],[-108.53,76.515],[-108.59,76.481],[-108.482,76.456]]],[[[-110.019,72.442],[-109.952,72.459],[-109.782,72.429],[-110.019,72.493],[-110.019,72.529],[-109.888,72.484],[-109.795,72.494],[-109.958,72.612],[-110.019,72.623],[-110.018,72.711],[-109.832,72.663],[-109.816,72.676],[-109.856,72.702],[-109.77,72.722],[-110.018,72.749],[-110.017,72.974],[-109.902,72.965],[-109.853,72.917],[-109.634,72.918],[-109.754,72.878],[-109.379,72.77],[-109.4,72.75],[-109.165,72.758],[-109.111,72.739],[-109.154,72.717],[-108.937,72.667],[-109.029,72.647],[-109.043,72.567],[-108.851,72.567],[-108.888,72.597],[-108.866,72.605],[-108.621,72.549],[-108.589,72.494],[-108.637,72.444],[-108.662,72.346],[-108.524,72.199],[-108.536,72.142],[-108.404,72.146],[-108.433,72.128],[-108.398,72.113],[-108.412,71.989],[-108.293,71.976],[-108.332,71.925],[-108.186,71.955],[-108.294,71.876],[-108.241,71.835],[-108.28,71.786],[-108.165,71.754],[-108.238,71.713],[-108.066,71.717],[-107.976,71.666],[-107.982,71.633],[-107.845,71.603],[-107.724,71.623],[-107.836,71.681],[-107.804,71.726],[-107.663,71.702],[-107.535,71.779],[-107.251,71.804],[-107.47,71.87],[-107.296,71.874],[-107.257,71.9],[-107.413,71.928],[-107.422,71.974],[-107.613,72.012],[-107.653,72.066],[-107.61,72.088],[-107.66,72.113],[-107.635,72.121],[-107.778,72.136],[-107.792,72.255],[-107.864,72.298],[-107.713,72.3],[-107.843,72.354],[-107.801,72.381],[-107.877,72.424],[-107.781,72.456],[-107.98,72.511],[-107.876,72.524],[-107.876,72.567],[-108.011,72.619],[-107.954,72.639],[-108.025,72.666],[-108.005,72.702],[-108.043,72.726],[-108.079,72.748],[-108.051,72.781],[-108.145,72.878],[-108.101,72.901],[-108.169,72.956],[-108.135,72.982],[-108.232,73.033],[-108.156,73.048],[-108.3,73.135],[-108.166,73.203],[-107.864,73.188],[-108.116,73.264],[-108.143,73.307],[-108.013,73.309],[-108.071,73.353],[-107.614,73.317],[-107.069,73.173],[-107.01,73.191],[-107.123,73.24],[-107.083,73.283],[-106.861,73.31],[-106.75,73.289],[-106.651,73.222],[-106.486,73.224],[-106.463,73.179],[-106.24,73.085],[-106.047,73.044],[-105.855,73.056],[-105.824,73.045],[-105.822,73.002],[-105.608,72.944],[-105.636,72.929],[-105.525,72.875],[-105.555,72.86],[-105.452,72.842],[-105.363,72.785],[-105.399,72.767],[-105.321,72.741],[-105.377,72.729],[-105.51,72.776],[-105.431,72.729],[-105.457,72.702],[-105.29,72.651],[-105.343,72.617],[-105.31,72.595],[-105.318,72.557],[-105.238,72.547],[-105.223,72.512],[-105.252,72.489],[-105.195,72.482],[-105.217,72.444],[-105.301,72.455],[-104.957,72.181],[-105.037,72.118],[-105.018,72.066],[-104.954,72.057],[-104.871,71.989],[-104.79,71.841],[-104.673,71.823],[-104.355,71.574],[-104.401,71.498],[-104.319,71.462],[-104.344,71.41],[-104.277,71.351],[-104.471,71.351],[-104.496,71.322],[-104.438,71.257],[-104.448,71.218],[-104.648,71.119],[-104.414,70.999],[-104.122,70.914],[-103.994,70.752],[-103.838,70.743],[-103.556,70.6],[-103.309,70.595],[-103.121,70.501],[-102.93,70.49],[-102.932,70.518],[-103.126,70.573],[-103.153,70.665],[-103.066,70.669],[-102.848,70.593],[-102.853,70.508],[-102.377,70.412],[-102.195,70.324],[-102.13,70.342],[-101.893,70.254],[-101.714,70.308],[-101.588,70.271],[-101.65,70.21],[-101.551,70.109],[-101.413,70.124],[-101.375,70.177],[-101.222,70.131],[-101.135,70.159],[-101.111,70.197],[-100.973,70.155],[-101.002,70.088],[-100.926,70.021],[-100.921,69.965],[-100.961,69.928],[-100.903,69.91],[-100.87,69.814],[-100.878,69.771],[-100.948,69.733],[-100.92,69.701],[-100.957,69.662],[-101.064,69.648],[-101.155,69.688],[-101.329,69.669],[-101.473,69.832],[-101.416,69.886],[-101.445,69.909],[-101.672,69.646],[-101.766,69.721],[-101.948,69.741],[-102.029,69.801],[-102.018,69.829],[-102.05,69.855],[-102.149,69.826],[-102.168,69.887],[-102.23,69.917],[-102.257,69.889],[-102.237,69.85],[-102.34,69.835],[-102.299,69.794],[-102.349,69.756],[-102.38,69.761],[-102.364,69.795],[-102.387,69.811],[-102.402,69.773],[-102.486,69.785],[-102.576,69.737],[-102.68,69.759],[-102.592,69.693],[-102.483,69.692],[-102.507,69.564],[-102.813,69.529],[-103.186,69.629],[-103.297,69.696],[-103.486,69.684],[-103.504,69.613],[-103.216,69.551],[-103.127,69.432],[-103.095,69.452],[-103.089,69.521],[-103.023,69.493],[-102.99,69.419],[-103.033,69.359],[-103.008,69.332],[-103.023,69.271],[-103.204,69.2],[-103.208,69.122],[-103.16,69.117],[-102.84,69.383],[-102.519,69.412],[-102.46,69.482],[-102.057,69.483],[-101.931,69.407],[-102.035,69.349],[-102.16,69.354],[-102.169,69.317],[-102.101,69.334],[-102.037,69.276],[-102.088,69.231],[-102.212,69.276],[-102.217,69.225],[-102.093,69.178],[-102.036,69.231],[-101.921,69.26],[-101.751,69.16],[-101.867,69.042],[-101.808,68.998],[-101.962,68.966],[-102.062,68.996],[-102.144,68.947],[-102.392,68.953],[-102.398,68.908],[-102.535,68.864],[-102.753,68.894],[-102.699,68.839],[-102.894,68.799],[-103.005,68.795],[-103.164,68.843],[-103.32,68.829],[-103.374,68.777],[-103.549,68.826],[-104.11,68.859],[-104.24,68.896],[-104.264,68.942],[-104.303,68.93],[-104.27,68.9],[-104.457,68.936],[-104.502,68.877],[-104.583,68.859],[-105.129,68.896],[-105.274,68.948],[-105.173,68.991],[-105.039,68.99],[-105.041,69.018],[-104.936,69.03],[-104.922,69.074],[-105.083,69.106],[-105.122,69.091],[-105.035,69.057],[-105.45,69.094],[-105.616,69.16],[-106.177,69.144],[-106.406,69.18],[-106.394,69.236],[-106.267,69.292],[-106.312,69.338],[-106.31,69.403],[-106.602,69.498],[-106.733,69.441],[-106.753,69.379],[-106.985,69.346],[-106.929,69.216],[-107.037,69.185],[-107.025,69.151],[-107.138,69.15],[-107.304,69.032],[-107.955,68.931],[-108.534,68.944],[-108.563,68.933],[-108.529,68.901],[-108.551,68.879],[-108.937,68.741],[-109.4,68.693],[-109.656,68.632],[-110.22,68.629],[-110.377,68.574],[-110.427,68.608],[-110.576,68.616],[-110.95,68.551],[-111.035,68.563],[-110.86,68.587],[-110.863,68.608],[-111.379,68.584],[-111.405,68.568],[-111.209,68.549],[-111.238,68.514],[-111.6,68.543],[-112.124,68.527],[-112.612,68.502],[-112.67,68.469],[-113.251,68.452],[-113.309,68.467],[-113.291,68.489],[-113.043,68.504],[-113.357,68.591],[-113.448,68.645],[-113.453,68.7],[-113.676,68.811],[-113.617,68.845],[-113.677,68.9],[-113.569,68.957],[-113.57,69.023],[-113.639,69.032],[-113.544,69.048],[-113.657,69.091],[-113.675,69.121],[-113.638,69.138],[-113.696,69.154],[-113.692,69.189],[-113.521,69.178],[-114.311,69.284],[-114.764,69.252],[-114.991,69.28],[-115.19,69.236],[-115.499,69.256],[-115.955,69.292],[-116.525,69.407],[-116.629,69.458],[-116.561,69.488],[-116.609,69.524],[-116.581,69.56],[-116.75,69.574],[-116.724,69.541],[-116.91,69.59],[-116.859,69.637],[-116.513,69.634],[-117.118,69.891],[-117.085,69.999],[-112.887,69.991],[-112.862,69.84],[-112.657,69.834],[-112.614,69.896],[-112.477,69.892],[-112.485,69.993],[-110.029,69.995],[-110.019,72.442]]],[[[-92.743,69.671],[-92.92,69.669],[-92.661,69.652],[-92.349,69.701],[-92.376,69.667],[-92.357,69.658],[-92.088,69.623],[-92.3,69.641],[-92.124,69.554],[-91.803,69.483],[-91.798,69.513],[-91.712,69.535],[-91.736,69.548],[-91.59,69.578],[-91.595,69.611],[-91.475,69.664],[-91.091,69.631],[-91.219,69.617],[-91.334,69.552],[-91.553,69.505],[-91.34,69.516],[-91.192,69.562],[-91.102,69.508],[-90.889,69.534],[-90.876,69.482],[-90.758,69.482],[-90.716,69.539],[-90.493,69.504],[-90.319,69.44],[-90.555,69.422],[-90.703,69.453],[-90.582,69.416],[-90.797,69.361],[-90.809,69.253],[-90.931,69.247],[-90.896,69.268],[-90.97,69.267],[-90.92,69.299],[-91.068,69.266],[-91.1,69.281],[-90.951,69.354],[-91.194,69.288],[-91.446,69.349],[-90.664,69.083],[-90.709,69.003],[-90.604,68.978],[-90.583,68.928],[-90.629,68.915],[-90.436,68.874],[-90.481,68.856],[-90.436,68.833],[-90.593,68.805],[-90.438,68.823],[-90.473,68.799],[-90.449,68.776],[-90.507,68.779],[-90.526,68.744],[-90.479,68.705],[-90.496,68.663],[-90.563,68.624],[-90.495,68.596],[-90.538,68.565],[-90.474,68.53],[-90.606,68.446],[-90.315,68.369],[-90.477,68.331],[-90.326,68.35],[-90.28,68.243],[-90.207,68.231],[-90.118,68.262],[-90.167,68.312],[-90,68.377],[-89.904,68.451],[-89.912,68.473],[-89.8,68.539],[-89.927,68.563],[-89.949,68.607],[-89.894,68.66],[-89.802,68.712],[-89.746,68.669],[-89.766,68.621],[-89.714,68.649],[-89.729,68.699],[-89.684,68.81],[-89.737,68.831],[-89.713,68.848],[-89.756,68.939],[-89.716,69.006],[-89.489,69.11],[-89.389,69.219],[-89.114,69.275],[-88.942,69.229],[-88.87,69.148],[-88.772,69.098],[-88.208,68.911],[-87.964,68.76],[-87.916,68.656],[-87.947,68.605],[-87.789,68.391],[-87.808,68.356],[-87.787,68.327],[-87.837,68.267],[-87.935,68.195],[-88.004,68.231],[-88.163,68.231],[-88.194,68.374],[-88.392,68.287],[-88.277,68.111],[-88.381,68.025],[-88.355,67.998],[-88.37,67.959],[-88.269,67.793],[-88.162,67.736],[-88.139,67.664],[-87.955,67.607],[-87.483,67.362],[-87.448,67.261],[-87.357,67.262],[-87.505,67.185],[-87.51,67.112],[-87.427,67.17],[-87.341,67.176],[-87.304,67.099],[-87.272,67.096],[-87.229,67.225],[-87.154,67.239],[-87.106,67.179],[-87.075,67.253],[-86.963,67.25],[-87.006,67.277],[-86.994,67.302],[-87.089,67.35],[-86.974,67.316],[-86.961,67.36],[-86.874,67.404],[-86.779,67.422],[-86.647,67.358],[-86.61,67.402],[-86.592,67.345],[-86.531,67.346],[-86.503,67.377],[-86.531,67.439],[-86.473,67.468],[-86.496,67.501],[-86.451,67.597],[-86.525,67.681],[-86.364,67.822],[-86.129,67.949],[-86.127,68.013],[-86.084,67.976],[-85.892,68.051],[-85.914,68.104],[-85.858,68.137],[-85.888,68.189],[-85.784,68.216],[-85.842,68.23],[-85.805,68.294],[-85.842,68.317],[-85.712,68.397],[-85.745,68.434],[-85.667,68.448],[-85.742,68.471],[-85.716,68.501],[-85.747,68.622],[-85.645,68.737],[-85.481,68.739],[-85.464,68.759],[-85.562,68.776],[-85.514,68.783],[-85.228,68.71],[-85.262,68.751],[-85.224,68.758],[-84.775,68.737],[-84.754,68.772],[-84.834,68.82],[-85.031,68.81],[-85.192,68.862],[-85.005,68.877],[-85.069,68.906],[-84.997,68.925],[-85.116,68.933],[-85.14,68.946],[-85.115,68.958],[-84.796,68.933],[-84.986,68.999],[-84.834,69.008],[-84.818,69.032],[-84.591,68.994],[-84.528,69.017],[-84.736,69.035],[-84.769,69.083],[-84.946,69.081],[-84.963,69.114],[-85.024,69.114],[-84.968,69.136],[-84.998,69.144],[-85.123,69.115],[-85.138,69.129],[-85.101,69.154],[-84.994,69.173],[-85.172,69.169],[-85.223,69.128],[-85.315,69.148],[-85.203,69.18],[-85.383,69.205],[-85.503,69.314],[-85.345,69.306],[-85.508,69.395],[-85.383,69.415],[-85.41,69.443],[-85.339,69.438],[-85.422,69.462],[-85.491,69.436],[-85.542,69.476],[-85.479,69.562],[-85.38,69.566],[-85.544,69.637],[-85.526,69.672],[-85.438,69.701],[-85.441,69.739],[-85.514,69.768],[-85.409,69.788],[-85.389,69.78],[-85.41,69.755],[-85.379,69.753],[-85.333,69.774],[-85.344,69.813],[-85.586,69.826],[-85.561,69.859],[-85.377,69.851],[-85.064,69.769],[-85.049,69.799],[-84.871,69.816],[-84.854,69.831],[-84.882,69.855],[-84.75,69.832],[-84.433,69.861],[-83.733,69.706],[-83.346,69.676],[-83.253,69.705],[-83.008,69.679],[-82.669,69.678],[-82.678,69.701],[-82.254,69.636],[-82.407,69.608],[-82.6,69.644],[-82.597,69.621],[-82.652,69.618],[-82.55,69.588],[-82.743,69.577],[-82.612,69.566],[-82.5,69.492],[-83.241,69.556],[-83.293,69.534],[-82.785,69.494],[-82.237,69.4],[-82.391,69.398],[-82.143,69.3],[-82.251,69.287],[-82.226,69.264],[-82.291,69.246],[-82.258,69.233],[-82.041,69.242],[-82.011,69.273],[-81.693,69.263],[-81.497,69.197],[-81.332,69.182],[-81.275,69.086],[-81.462,69.072],[-81.57,68.992],[-81.691,68.988],[-81.716,68.949],[-82.057,68.873],[-81.673,68.904],[-81.588,68.869],[-81.569,68.827],[-81.49,68.866],[-81.382,68.866],[-81.234,68.769],[-81.267,68.744],[-81.255,68.643],[-81.633,68.508],[-81.81,68.523],[-81.793,68.504],[-81.83,68.459],[-81.97,68.421],[-82.024,68.436],[-82.077,68.503],[-82.256,68.533],[-82.173,68.485],[-82.228,68.455],[-82.608,68.517],[-82.635,68.492],[-82.491,68.453],[-82.648,68.445],[-82.644,68.417],[-82.501,68.405],[-82.363,68.35],[-82.369,68.318],[-82.507,68.313],[-82.426,68.276],[-82.264,68.284],[-82.27,68.235],[-82.345,68.17],[-82.314,68.146],[-82.179,68.111],[-82.047,68.209],[-81.988,68.206],[-82.027,68.122],[-82.12,68.105],[-82.079,68.082],[-82.173,68.002],[-82.102,67.907],[-81.936,67.823],[-81.804,67.798],[-81.828,67.774],[-81.433,67.611],[-81.243,67.474],[-81.239,67.436],[-81.304,67.386],[-81.347,67.292],[-81.38,67.17],[-81.432,67.066],[-81.495,67.053],[-81.492,67.009],[-81.524,66.99],[-81.626,67.005],[-81.711,66.969],[-81.833,66.997],[-81.988,66.959],[-82.042,66.918],[-82.018,66.894],[-82.09,66.857],[-82.077,66.828],[-82.183,66.764],[-82.156,66.709],[-82.369,66.725],[-82.376,66.696],[-82.556,66.623],[-82.596,66.56],[-83.017,66.546],[-83.015,66.506],[-83.058,66.47],[-83.368,66.348],[-83.573,66.343],[-83.567,66.367],[-83.652,66.407],[-83.639,66.437],[-83.529,66.394],[-83.672,66.52],[-83.857,66.544],[-83.9,66.596],[-83.977,66.582],[-84.014,66.692],[-83.919,66.697],[-83.9,66.644],[-83.856,66.68],[-83.955,66.747],[-83.886,66.813],[-83.907,66.876],[-83.945,66.813],[-84.098,66.747],[-84.105,66.708],[-84.26,66.716],[-84.314,66.751],[-84.268,66.785],[-84.436,66.818],[-84.239,66.833],[-84.382,66.864],[-84.42,66.901],[-84.389,66.923],[-84.584,66.978],[-84.37,66.971],[-84.926,67.059],[-84.905,67.038],[-84.935,67.029],[-84.839,67.003],[-84.871,66.984],[-84.765,67.006],[-84.639,66.978],[-85.048,66.963],[-85.212,66.913],[-85.146,66.904],[-85.228,66.873],[-85.12,66.835],[-84.94,66.863],[-84.9,66.898],[-84.993,66.923],[-84.767,66.952],[-84.602,66.935],[-84.621,66.915],[-84.562,66.901],[-84.746,66.897],[-84.504,66.823],[-84.69,66.839],[-84.319,66.774],[-84.442,66.71],[-84.324,66.676],[-84.144,66.681],[-84.146,66.642],[-84.215,66.589],[-83.916,66.446],[-83.871,66.394],[-83.864,66.312],[-83.783,66.299],[-83.678,66.201],[-83.847,66.153],[-83.786,66.197],[-83.801,66.216],[-83.964,66.195],[-84.216,66.321],[-84.347,66.276],[-84.392,66.291],[-84.426,66.363],[-84.528,66.404],[-84.636,66.328],[-84.401,66.211],[-84.374,66.158],[-84.46,66.159],[-84.565,66.204],[-84.761,66.213],[-84.869,66.266],[-84.979,66.246],[-85.078,66.277],[-85.117,66.324],[-85.178,66.262],[-85.252,66.273],[-85.306,66.314],[-85.293,66.349],[-85.338,66.394],[-85.343,66.486],[-85.479,66.581],[-85.845,66.499],[-86.128,66.498],[-86.333,66.549],[-86.406,66.514],[-86.581,66.555],[-86.58,66.52],[-86.622,66.506],[-86.78,66.52],[-86.641,66.431],[-86.811,66.441],[-86.638,66.315],[-86.332,66.282],[-85.897,66.163],[-86.014,66.1],[-85.977,66.077],[-85.98,66.028],[-86.204,65.982],[-86.239,65.936],[-86.326,65.904],[-86.421,65.902],[-86.496,65.808],[-86.455,65.786],[-86.451,65.747],[-86.554,65.664],[-86.679,65.647],[-86.829,65.555],[-86.987,65.534],[-86.975,65.515],[-87.024,65.481],[-87.11,65.458],[-87.115,65.433],[-87.059,65.414],[-87.1,65.391],[-87.372,65.322],[-87.966,65.333],[-88.212,65.402],[-88.333,65.492],[-88.559,65.586],[-88.829,65.641],[-88.411,65.63],[-88.85,65.701],[-88.937,65.685],[-89.124,65.733],[-89.174,65.778],[-89.428,65.867],[-89.516,65.858],[-89.525,65.886],[-89.671,65.939],[-90,65.874],[-90.404,65.871],[-90.432,65.882],[-90.393,65.896],[-90.225,65.9],[-90.234,65.922],[-90.596,65.896],[-91.316,65.969],[-91.496,65.945],[-91.02,65.806],[-91.123,65.904],[-91.088,65.921],[-90.545,65.883],[-90,65.796],[-89.462,65.6],[-89.403,65.506],[-89.17,65.428],[-89.054,65.328],[-88.061,65.258],[-87.673,65.291],[-87.357,65.27],[-87.051,65.236],[-87.03,65.223],[-87.051,65.199],[-86.933,65.138],[-86.997,65.096],[-86.97,65.054],[-87.11,64.999],[-87.078,64.976],[-87.096,64.95],[-87.236,64.884],[-87.303,64.806],[-87.294,64.763],[-87.451,64.707],[-87.489,64.741],[-87.525,64.714],[-87.511,64.636],[-87.579,64.568],[-87.807,64.514],[-87.888,64.338],[-88.044,64.247],[-88.052,64.227],[-87.983,64.191],[-88.113,64.136],[-88.227,64.14],[-88.736,63.968],[-88.856,63.977],[-88.898,64.012],[-89.0,63.988],[-88.995,64.008],[-89.15,64.059],[-89.26,64.16],[-89.286,64.136],[-89.182,64.036],[-89.096,63.963],[-89.023,63.95],[-89.143,63.95],[-89.273,64.014],[-89.246,63.959],[-89.363,64.037],[-89.444,64.021],[-89.551,64.077],[-89.563,64.009],[-89.485,63.942],[-89.644,64.053],[-89.712,64.079],[-89.697,64.042],[-89.72,64.033],[-89.818,64.098],[-89.809,64.128],[-89.735,64.145],[-89.773,64.24],[-89.812,64.193],[-89.883,64.2],[-89.816,64.172],[-89.823,64.144],[-90.121,64.127],[-89.914,64.106],[-89.946,64.057],[-89.848,64.021],[-89.915,64.015],[-89.913,63.993],[-89.831,63.979],[-89.813,63.937],[-89.989,63.921],[-89.946,63.965],[-90,63.984],[-90.093,63.95],[-90.182,64.008],[-90.279,64.003],[-90.09,63.924],[-90.122,63.915],[-90.1,63.883],[-90,63.773],[-90.115,63.777],[-90.057,63.744],[-90.168,63.656],[-90.148,63.629],[-90.205,63.612],[-90.281,63.613],[-90.218,63.635],[-90.289,63.647],[-90.452,63.616],[-90.486,63.632],[-90.465,63.648],[-90.539,63.655],[-90.488,63.672],[-90.623,63.704],[-90.699,63.657],[-90.59,63.676],[-90.555,63.655],[-90.551,63.601],[-90.93,63.564],[-91.063,63.62],[-91.375,63.659],[-91.393,63.685],[-91.329,63.677],[-91.411,63.707],[-91.667,63.719],[-91.654,63.75],[-91.693,63.774],[-91.751,63.733],[-91.91,63.74],[-91.986,63.776],[-91.889,63.801],[-91.984,63.819],[-92.045,63.745],[-92.136,63.745],[-92.376,63.777],[-92.506,63.831],[-92.706,63.846],[-92.761,63.89],[-93.436,64.015],[-93.612,64.093],[-93.635,64.12],[-93.615,64.157],[-93.773,64.193],[-93.668,64.126],[-93.66,64.083],[-93.548,64.024],[-93.602,64.007],[-93.547,64.003],[-93.581,63.984],[-93.764,63.988],[-93.77,63.957],[-93.699,63.951],[-93.649,63.877],[-93.339,63.808],[-93.378,63.842],[-93.216,63.843],[-93.343,63.863],[-93.448,63.925],[-93.424,63.937],[-93.451,63.959],[-93.364,63.967],[-93.226,63.908],[-92.756,63.825],[-92.622,63.771],[-92.495,63.814],[-92.395,63.736],[-92.251,63.74],[-92.103,63.701],[-92.198,63.677],[-92.206,63.651],[-92.171,63.64],[-92.284,63.621],[-92.337,63.644],[-92.385,63.592],[-92.539,63.555],[-92.471,63.523],[-92.32,63.572],[-92.23,63.534],[-92.193,63.615],[-91.776,63.715],[-91.617,63.648],[-91.6,63.58],[-91.387,63.521],[-91.388,63.485],[-91.274,63.502],[-91.065,63.449],[-91.016,63.466],[-90.786,63.395],[-90.975,63.419],[-90.688,63.355],[-90.681,63.331],[-90.741,63.324],[-90.74,63.294],[-90.698,63.276],[-90.723,63.249],[-90.684,63.218],[-90.73,63.178],[-90.672,63.157],[-90.69,63.118],[-90.651,63.087],[-90.689,63.076],[-90.627,63.059],[-90.703,63.035],[-90.72,63.011],[-90.689,63.006],[-90.756,62.993],[-90.72,62.967],[-90.783,62.961],[-90.785,62.938],[-91.048,62.942],[-91.182,62.905],[-91.213,62.854],[-91.41,62.819],[-91.356,62.788],[-92.121,62.874],[-92.096,62.798],[-92.339,62.843],[-92.455,62.814],[-92.333,62.709],[-92.219,62.684],[-92.286,62.676],[-91.948,62.651],[-91.88,62.619],[-91.948,62.531],[-92.053,62.526],[-92.174,62.544],[-92.143,62.579],[-92.163,62.6],[-92.266,62.595],[-92.245,62.564],[-92.321,62.569],[-92.325,62.54],[-92.384,62.529],[-92.483,62.552],[-92.475,62.595],[-92.519,62.571],[-92.615,62.614],[-92.539,62.532],[-92.563,62.498],[-92.498,62.508],[-92.541,62.476],[-92.529,62.443],[-92.71,62.465],[-92.73,62.428],[-92.681,62.374],[-92.822,62.349],[-92.598,62.31],[-92.601,62.265],[-92.633,62.253],[-92.47,62.146],[-92.603,62.156],[-92.624,62.21],[-92.747,62.289],[-93.144,62.337],[-92.78,62.236],[-92.79,62.177],[-93.001,62.2],[-92.981,62.171],[-93.11,62.156],[-93.126,62.132],[-93.081,62.104],[-93.019,62.126],[-92.931,62.104],[-92.991,62.067],[-93.067,62.076],[-93.078,62.035],[-93.156,62.049],[-93.162,61.978],[-93.302,62.049],[-93.329,62.047],[-93.294,62.018],[-93.411,62.031],[-93.218,61.952],[-93.388,61.945],[-93.305,61.92],[-93.279,61.894],[-93.299,61.885],[-93.619,61.948],[-93.491,61.884],[-93.6,61.879],[-93.613,61.852],[-93.362,61.821],[-93.434,61.803],[-93.248,61.784],[-93.255,61.742],[-93.468,61.764],[-93.412,61.723],[-93.313,61.725],[-93.647,61.634],[-93.78,61.551],[-93.83,61.571],[-93.874,61.513],[-93.984,61.456],[-93.938,61.408],[-93.968,61.396],[-93.868,61.389],[-93.819,61.347],[-93.94,61.294],[-94.11,61.322],[-93.998,61.227],[-94.098,61.162],[-94.039,61.156],[-94.064,61.11],[-93.98,61.096],[-94.128,61.065],[-94.233,60.904],[-94.349,60.858],[-94.415,60.762],[-94.404,60.709],[-94.484,60.649],[-94.509,60.544],[-94.575,60.52],[-94.732,60.539],[-94.652,60.492],[-94.796,60.497],[-94.682,60.474],[-94.613,60.38],[-94.706,60.26],[-94.673,60.191],[-94.72,60.138],[-94.707,60.083],[-94.766,60.061],[-94.758,60.017],[-94.8,59.999],[-99.626,59.999],[-100.039,59.999],[-102.001,59.999],[-101.984,64.213],[-109.387,64.826],[-110.651,65.499],[-112.498,65.506],[-120.658,68.001],[-120.664,69.542],[-120.665,69.551],[-120.393,69.439],[-119.982,69.344],[-118.84,69.25],[-118.644,69.212],[-118.457,69.117],[-117.87,68.985],[-117.381,68.951],[-117.153,68.885],[-116.966,68.902],[-117.01,68.936],[-116.95,68.939],[-116.847,68.883],[-116.744,68.88],[-116.5,68.857],[-116.381,68.882],[-116.213,68.83],[-115.959,68.804],[-116.116,68.861],[-116.082,68.882],[-116.325,68.961],[-116.205,68.984],[-115.867,68.922],[-115.766,68.939],[-115.935,69.006],[-115.593,68.971],[-115.094,68.85],[-114.989,68.862],[-114.791,68.799],[-114.729,68.744],[-114.448,68.689],[-114.465,68.664],[-114.404,68.614],[-114.187,68.565],[-114.17,68.528],[-114.088,68.496],[-114.057,68.433],[-114.123,68.43],[-114.095,68.402],[-114.006,68.393],[-113.974,68.435],[-113.922,68.408],[-113.912,68.389],[-114.046,68.311],[-114.023,68.241],[-114.207,68.253],[-114.32,68.229],[-114.441,68.263],[-114.702,68.25],[-114.959,68.285],[-114.764,68.186],[-114.896,68.146],[-115.237,68.182],[-115.172,68.128],[-115.226,68.089],[-115.24,68.036],[-115.11,68.012],[-115.542,67.921],[-115.507,67.889],[-115.253,67.883],[-115.276,67.861],[-115.113,67.798],[-114.718,67.813],[-114.608,67.771],[-114.516,67.789],[-114.297,67.718],[-114.148,67.736],[-113.845,67.691],[-113.24,67.704],[-113.05,67.666],[-112.709,67.667],[-112.37,67.681],[-112.333,67.696],[-112.368,67.728],[-112.345,67.739],[-112.011,67.742],[-111.985,67.693],[-111.893,67.679],[-111.871,67.692],[-111.929,67.718],[-111.912,67.754],[-111.538,67.712],[-111.572,67.744],[-111.531,67.765],[-111.458,67.763],[-111.474,67.735],[-111.441,67.731],[-111.322,67.806],[-111.175,67.837],[-111.143,67.828],[-111.205,67.794],[-111.168,67.784],[-111.2,67.755],[-111.085,67.786],[-111.005,67.764],[-110.84,67.8],[-110.732,67.864],[-110.329,67.945],[-110.339,67.965],[-110.139,67.916],[-110.201,67.966],[-110.116,68.008],[-109.97,67.958],[-110.003,67.866],[-109.982,67.837],[-109.912,67.845],[-109.953,67.881],[-109.89,67.879],[-109.695,67.804],[-109.744,67.775],[-109.623,67.74],[-109.735,67.742],[-109.726,67.716],[-109.522,67.687],[-109.485,67.709],[-109.506,67.733],[-109.395,67.767],[-109.37,67.729],[-109.065,67.714],[-108.919,67.535],[-109.025,67.483],[-109.002,67.443],[-108.928,67.432],[-108.929,67.405],[-108.858,67.408],[-108.812,67.348],[-108.744,67.445],[-108.736,67.603],[-108.62,67.624],[-108.578,67.605],[-108.587,67.577],[-108.511,67.487],[-108.522,67.44],[-108.484,67.349],[-108.424,67.364],[-108.44,67.427],[-108.366,67.444],[-108.015,67.293],[-107.875,67.14],[-107.914,67.132],[-107.88,67.048],[-108.148,67.076],[-108.232,67.019],[-108.622,67.149],[-108.516,67.034],[-108.456,67.07],[-108.33,66.986],[-108.196,66.972],[-108.114,66.928],[-108.118,66.862],[-108.232,66.845],[-107.991,66.832],[-107.939,66.766],[-107.949,66.72],[-107.882,66.663],[-107.851,66.73],[-107.888,66.755],[-107.853,66.756],[-107.691,66.642],[-107.724,66.629],[-107.647,66.574],[-107.569,66.53],[-107.51,66.542],[-107.446,66.461],[-107.222,66.349],[-107.195,66.366],[-107.235,66.407],[-107.55,66.582],[-107.649,66.693],[-107.797,66.756],[-107.69,66.767],[-107.769,66.945],[-107.764,67.001],[-107.613,66.964],[-107.65,67.076],[-107.523,67.02],[-107.484,66.918],[-107.693,66.946],[-107.629,66.888],[-107.532,66.874],[-107.564,66.833],[-107.408,66.811],[-107.486,66.877],[-107.393,66.885],[-107.435,66.972],[-107.083,66.82],[-107.226,66.961],[-107.403,67.041],[-107.25,67.071],[-107.199,67.123],[-107.481,67.18],[-107.721,67.41],[-107.635,67.402],[-107.582,67.496],[-108.007,67.707],[-108.013,67.756],[-107.941,67.846],[-107.714,67.892],[-107.651,67.94],[-107.91,67.988],[-107.89,68.081],[-107.851,68.106],[-107.693,68.071],[-107.809,68.051],[-107.739,68.038],[-107.833,68.013],[-107.778,67.986],[-107.68,68.045],[-107.349,68.048],[-107.154,68.126],[-107.11,68.126],[-107.118,68.084],[-106.958,68.089],[-106.952,68.114],[-106.756,68.104],[-106.753,68.157],[-106.809,68.207],[-106.779,68.223],[-106.684,68.223],[-106.703,68.194],[-106.663,68.169],[-106.625,68.184],[-106.641,68.23],[-106.614,68.248],[-106.468,68.19],[-106.444,68.151],[-106.344,68.183],[-106.495,68.225],[-106.424,68.299],[-106.466,68.324],[-106.447,68.344],[-106.218,68.392],[-106.124,68.362],[-106.055,68.398],[-105.981,68.393],[-105.966,68.421],[-105.845,68.415],[-105.821,68.449],[-105.782,68.413],[-105.73,68.419],[-105.698,68.491],[-105.774,68.548],[-105.666,68.638],[-105.79,68.609],[-105.886,68.634],[-106.029,68.619],[-106.551,68.514],[-106.419,68.51],[-106.556,68.493],[-106.505,68.471],[-106.528,68.443],[-106.631,68.461],[-106.48,68.395],[-106.564,68.342],[-106.526,68.306],[-106.543,68.291],[-106.595,68.296],[-106.644,68.347],[-106.724,68.349],[-106.713,68.371],[-106.802,68.414],[-106.796,68.37],[-107.013,68.369],[-107.131,68.272],[-107.258,68.259],[-107.338,68.315],[-107.478,68.316],[-107.546,68.347],[-107.813,68.342],[-107.879,68.258],[-107.603,68.165],[-107.8,68.183],[-107.967,68.145],[-108.161,68.172],[-108.37,68.112],[-108.436,68.141],[-108.397,68.163],[-108.362,68.156],[-108.378,68.134],[-108.338,68.145],[-108.347,68.226],[-108.392,68.218],[-108.391,68.18],[-108.455,68.19],[-108.402,68.294],[-108.484,68.305],[-108.715,68.231],[-108.819,68.266],[-108.741,68.294],[-108.741,68.342],[-108.581,68.406],[-108.345,68.601],[-107.305,68.697],[-106.82,68.811],[-106.655,68.811],[-106.214,68.941],[-105.797,68.879],[-105.475,68.72],[-105.543,68.656],[-105.407,68.519],[-105.326,68.51],[-105.321,68.474],[-105.433,68.489],[-105.538,68.445],[-105.533,68.408],[-105.338,68.412],[-105.35,68.372],[-105.294,68.339],[-105.055,68.258],[-104.998,68.274],[-105.082,68.308],[-104.939,68.309],[-104.893,68.348],[-104.839,68.288],[-104.952,68.247],[-104.9,68.225],[-104.822,68.261],[-104.609,68.241],[-104.597,68.222],[-104.67,68.138],[-104.6,68.135],[-104.592,68.083],[-104.495,68.062],[-104.5,68.031],[-104.303,68.051],[-104.166,68.017],[-103.555,68.057],[-103.532,68.071],[-103.553,68.109],[-103.404,68.164],[-103.341,68.116],[-103.379,68.083],[-103.366,68.005],[-103.136,67.958],[-103.093,67.923],[-102.959,67.926],[-102.8,67.82],[-102.47,67.786],[-102.311,67.717],[-102.251,67.725],[-102.227,67.686],[-102.198,67.695],[-102.224,67.733],[-102.151,67.765],[-102.039,67.742],[-101.978,67.787],[-101.8,67.704],[-101.741,67.727],[-101.671,67.691],[-101.409,67.687],[-101.446,67.732],[-101.257,67.718],[-101.233,67.731],[-101.25,67.771],[-101.166,67.754],[-101.089,67.786],[-101.098,67.737],[-100.903,67.756],[-100.915,67.817],[-100.821,67.792],[-100.699,67.846],[-100.586,67.838],[-100.587,67.793],[-100.395,67.847],[-99.82,67.795],[-99.776,67.823],[-99.632,67.789],[-99.5,67.799],[-99.478,67.771],[-99.412,67.788],[-99.21,67.706],[-99.118,67.727],[-98.93,67.696],[-98.896,67.748],[-98.761,67.743],[-98.693,67.807],[-98.597,67.778],[-98.354,67.796],[-98.449,67.865],[-98.54,67.872],[-98.724,67.953],[-98.732,68.07],[-98.585,68.091],[-98.233,67.901],[-98.088,67.756],[-97.998,67.753],[-97.927,67.695],[-97.799,67.685],[-97.738,67.642],[-97.547,67.596],[-97.283,67.662],[-97.201,67.623],[-97.179,67.674],[-97.059,67.674],[-97.144,67.715],[-97.223,67.712],[-97.115,67.782],[-97.24,67.926],[-97.291,67.884],[-97.392,67.876],[-97.683,68.018],[-97.71,67.971],[-97.833,67.976],[-97.95,67.92],[-98.029,67.941],[-98.057,67.912],[-98.051,67.83],[-98.095,67.833],[-98.581,68.139],[-98.459,68.183],[-98.424,68.152],[-98.439,68.104],[-98.367,68.08],[-98.326,68.171],[-98.501,68.208],[-98.542,68.234],[-98.49,68.246],[-98.715,68.361],[-98.637,68.379],[-98.511,68.329],[-98.537,68.362],[-98.461,68.358],[-98.539,68.4],[-98.525,68.421],[-98.199,68.3],[-98.154,68.331],[-98.072,68.321],[-98.107,68.364],[-97.909,68.34],[-97.92,68.373],[-97.894,68.386],[-97.743,68.37],[-97.781,68.406],[-97.899,68.419],[-97.903,68.449],[-98.009,68.498],[-97.994,68.541],[-97.852,68.542],[-97.692,68.516],[-97.646,68.45],[-97.537,68.418],[-97.509,68.444],[-97.619,68.458],[-97.567,68.496],[-97.282,68.474],[-97.105,68.388],[-97.161,68.374],[-97.001,68.345],[-96.994,68.289],[-97.07,68.3],[-97.08,68.259],[-96.925,68.239],[-96.68,68.28],[-96.625,68.251],[-96.694,68.216],[-96.63,68.178],[-96.609,68.243],[-96.41,68.315],[-96.474,68.271],[-96.508,68.196],[-96.638,68.139],[-96.623,68.115],[-96.808,68.049],[-96.789,68.017],[-96.708,68.008],[-96.622,68.062],[-96.54,68.03],[-96.453,68.039],[-96.48,68.09],[-96.548,68.084],[-96.463,68.144],[-95.892,68.294],[-96.078,68.149],[-96.02,68.106],[-96.215,67.823],[-96.188,67.73],[-96.22,67.693],[-96.166,67.69],[-96.185,67.626],[-96.257,67.626],[-96.335,67.696],[-96.329,67.61],[-96.46,67.548],[-96.428,67.537],[-96.464,67.478],[-96.396,67.494],[-96.331,67.431],[-96.21,67.419],[-96.097,67.464],[-96.07,67.428],[-96.226,67.316],[-96.252,67.247],[-96.136,67.256],[-96.114,67.213],[-95.899,67.284],[-95.739,67.376],[-95.675,67.328],[-95.612,67.379],[-95.565,67.376],[-95.525,67.351],[-95.553,67.313],[-95.833,67.162],[-95.65,67.225],[-95.651,67.198],[-95.487,67.203],[-95.474,67.135],[-95.436,67.154],[-95.435,67.193],[-95.379,67.154],[-95.373,67.109],[-95.421,67.063],[-95.326,67.027],[-95.35,66.963],[-95.422,66.946],[-95.623,66.951],[-95.599,66.981],[-95.622,66.987],[-95.928,66.952],[-95.944,66.996],[-95.993,67.009],[-95.946,67.072],[-96.051,67.01],[-96.025,66.973],[-96.11,66.95],[-96.155,66.961],[-96.133,66.989],[-96.279,66.999],[-96.268,67.06],[-96.377,67.084],[-96.46,67.062],[-96.397,66.993],[-96.146,66.894],[-96.1,66.828],[-95.848,66.752],[-95.777,66.654],[-95.819,66.583],[-95.629,66.675],[-95.652,66.728],[-95.681,66.729],[-95.691,66.679],[-95.766,66.683],[-95.784,66.737],[-95.993,66.842],[-96.085,66.926],[-96.026,66.95],[-95.814,66.941],[-95.724,66.9],[-95.422,66.93],[-95.323,66.889],[-95.254,66.94],[-95.219,66.973],[-95.295,66.998],[-95.291,67.034],[-95.347,67.073],[-95.322,67.106],[-95.352,67.148],[-95.266,67.212],[-95.248,67.265],[-95.163,67.287],[-95.314,67.33],[-95.375,67.439],[-95.419,67.455],[-95.331,67.505],[-95.343,67.554],[-95.466,67.637],[-95.693,67.704],[-95.704,67.738],[-95.534,67.82],[-95.527,67.872],[-95.58,67.898],[-95.412,68.021],[-95.472,68.06],[-95.233,68.082],[-95.256,68.034],[-95.101,68.086],[-95.008,68.044],[-94.722,68.054],[-94.582,68.156],[-94.199,68.267],[-94.21,68.361],[-94.123,68.416],[-93.661,68.52],[-93.544,68.557],[-93.536,68.598],[-93.375,68.633],[-93.751,68.613],[-93.673,68.72],[-93.695,68.751],[-93.639,68.764],[-93.641,68.805],[-93.566,68.849],[-93.643,68.895],[-93.642,68.963],[-93.843,68.958],[-93.871,68.971],[-93.836,69.006],[-93.909,68.998],[-93.803,69.069],[-93.932,69.028],[-93.898,69.025],[-93.947,68.993],[-93.925,68.974],[-94.055,68.901],[-94.068,68.864],[-94.04,68.859],[-94.079,68.847],[-94.034,68.833],[-93.928,68.882],[-93.933,68.855],[-93.809,68.89],[-94.095,68.758],[-94.413,68.715],[-94.632,68.75],[-94.545,68.884],[-94.589,68.908],[-94.562,68.924],[-94.599,68.965],[-94.501,68.968],[-94.444,68.938],[-94.348,69.024],[-94.224,69.027],[-94.151,69.057],[-94.191,69.083],[-94.168,69.103],[-94.005,69.154],[-94.235,69.119],[-94.323,69.149],[-94.281,69.226],[-94.299,69.246],[-94.259,69.271],[-94.303,69.304],[-94.025,69.359],[-93.808,69.35],[-93.736,69.399],[-93.526,69.438],[-93.883,69.25],[-93.811,69.264],[-93.877,69.224],[-93.812,69.214],[-93.856,69.176],[-93.837,69.164],[-93.379,69.376],[-93.498,69.349],[-93.585,69.364],[-93.439,69.475],[-93.54,69.523],[-93.839,69.489],[-93.916,69.432],[-94.279,69.44],[-94.451,69.518],[-94.577,69.649],[-94.626,69.636],[-94.628,69.683],[-94.754,69.661],[-94.73,69.602],[-94.862,69.566],[-95.009,69.621],[-95.115,69.612],[-95.408,69.681],[-95.649,69.786],[-95.738,69.786],[-95.786,69.741],[-95.828,69.765],[-95.799,69.796],[-95.96,69.778],[-96.074,69.841],[-96.198,69.859],[-96.082,69.873],[-96.119,69.895],[-96.085,69.911],[-96.116,69.921],[-96.097,69.946],[-96.246,69.958],[-96.5,70.101],[-96.568,70.268],[-96.519,70.358],[-96.434,70.409],[-96.34,70.415],[-96.324,70.49],[-96.243,70.569],[-96.188,70.529],[-96.069,70.587],[-95.797,70.529],[-96.061,70.617],[-96.048,70.646],[-95.817,70.71],[-96.093,70.659],[-96.202,70.621],[-96.383,70.675],[-96.434,70.737],[-96.611,70.794],[-96.591,70.866],[-96.513,70.949],[-96.495,71.04],[-96.37,71.089],[-96.409,71.119],[-96.413,71.084],[-96.461,71.08],[-96.56,71.126],[-96.45,71.168],[-96.376,71.149],[-96.459,71.197],[-96.429,71.258],[-96.503,71.277],[-96.307,71.295],[-96.193,71.389],[-96.046,71.418],[-95.893,71.39],[-95.673,71.287],[-95.535,71.29],[-95.519,71.323],[-95.588,71.354],[-95.433,71.37],[-95.548,71.428],[-95.376,71.509],[-95.49,71.482],[-95.799,71.504],[-95.936,71.546],[-95.876,71.582],[-95.908,71.6],[-95.724,71.625],[-95.507,71.719],[-95.263,71.723],[-95.288,71.761],[-95.226,71.826],[-94.932,71.84],[-94.734,71.823],[-94.607,71.866],[-94.756,71.837],[-94.85,71.848],[-94.933,71.85],[-95.213,71.843],[-95.256,71.866],[-95.217,71.944],[-94.563,71.996],[-94.388,71.924],[-94.5,71.898],[-94.449,71.884],[-94.46,71.849],[-94.562,71.849],[-94.648,71.812],[-94.594,71.743],[-94.538,71.758],[-94.488,71.824],[-94.45,71.788],[-94.401,71.814],[-94.356,71.796],[-94.39,71.774],[-94.423,71.661],[-94.194,71.791],[-94.142,71.756],[-94.054,71.787],[-93.972,71.745],[-93.711,71.761],[-93.696,71.71],[-93.811,71.645],[-93.23,71.473],[-93.142,71.374],[-92.973,71.34],[-92.995,71.315],[-92.941,71.288],[-92.93,71.214],[-92.855,71.157],[-92.889,71.065],[-92.853,71.039],[-92.908,70.903],[-92.851,70.856],[-92.944,70.835],[-93.0,70.872],[-93.042,70.863],[-92.958,70.817],[-92.676,70.771],[-92.691,70.745],[-92.657,70.735],[-92.718,70.724],[-92.641,70.715],[-92.676,70.674],[-92.487,70.668],[-92.297,70.629],[-92.341,70.591],[-92.311,70.569],[-92.276,70.572],[-92.257,70.619],[-92.159,70.584],[-92.265,70.551],[-92.187,70.504],[-92.285,70.487],[-92.116,70.47],[-92.132,70.434],[-91.996,70.39],[-91.995,70.316],[-92.085,70.298],[-91.996,70.297],[-91.952,70.255],[-91.92,70.296],[-91.855,70.303],[-91.9,70.33],[-91.89,70.354],[-91.729,70.356],[-91.687,70.315],[-91.726,70.298],[-91.693,70.197],[-91.636,70.231],[-91.511,70.152],[-92.003,70.121],[-92.226,70.185],[-92.282,70.25],[-92.362,70.24],[-92.268,70.208],[-92.276,70.184],[-92.48,70.176],[-92.388,70.144],[-92.479,70.091],[-92.586,70.076],[-92.467,70.042],[-92.432,70.075],[-92.129,70.084],[-91.939,70.02],[-92.081,69.986],[-92.267,69.901],[-92.254,69.877],[-92.554,69.808],[-92.565,69.762],[-92.643,69.791],[-92.688,69.744],[-92.867,69.702],[-92.535,69.709],[-92.743,69.671]]],[[[-61.282,66.616],[-61.447,66.538],[-61.598,66.55],[-61.725,66.643],[-62.004,66.696],[-62.016,66.658],[-62.186,66.627],[-62.09,66.606],[-61.98,66.648],[-61.788,66.608],[-61.576,66.477],[-61.986,66.41],[-61.557,66.413],[-61.462,66.369],[-61.554,66.336],[-61.783,66.334],[-61.915,66.281],[-62.08,66.329],[-62.207,66.316],[-62.23,66.404],[-62.607,66.442],[-62.628,66.43],[-62.603,66.403],[-62.715,66.407],[-62.604,66.387],[-62.494,66.405],[-62.453,66.353],[-62.316,66.304],[-62.666,66.214],[-62.757,66.245],[-62.779,66.307],[-62.889,66.333],[-62.824,66.289],[-62.809,66.24],[-62.715,66.201],[-62.513,66.219],[-62.343,66.162],[-62.108,66.143],[-62.164,66.125],[-62.153,66.1],[-62.037,66.1],[-62.079,66.082],[-62.012,66.071],[-62.108,66.049],[-61.981,66.043],[-61.96,66.011],[-62.188,66.012],[-62.307,65.973],[-62.525,66.034],[-62.778,66.033],[-62.93,66.146],[-63.061,66.12],[-62.936,66.122],[-62.875,66.047],[-62.793,66.01],[-62.586,66.009],[-62.418,65.97],[-62.385,65.931],[-62.453,65.921],[-62.361,65.904],[-62.376,65.868],[-62.288,65.813],[-62.619,65.803],[-62.727,65.828],[-62.864,65.911],[-62.874,65.883],[-62.812,65.857],[-62.823,65.839],[-62.569,65.757],[-62.599,65.718],[-62.848,65.763],[-62.799,65.711],[-62.589,65.668],[-62.645,65.587],[-62.671,65.597],[-62.66,65.638],[-62.727,65.62],[-62.73,65.588],[-62.784,65.591],[-62.859,65.634],[-62.886,65.734],[-62.959,65.753],[-62.916,65.722],[-62.891,65.638],[-62.972,65.58],[-63.027,65.635],[-63.211,65.64],[-63.436,65.845],[-63.488,65.936],[-63.529,65.876],[-63.369,65.73],[-63.384,65.711],[-63.347,65.666],[-63.728,65.675],[-63.671,65.648],[-63.375,65.632],[-63.32,65.593],[-63.359,65.536],[-63.482,65.525],[-63.583,65.596],[-63.608,65.589],[-63.569,65.549],[-63.618,65.541],[-63.536,65.517],[-63.526,65.478],[-63.446,65.488],[-63.292,65.428],[-63.655,65.47],[-63.389,65.393],[-63.523,65.384],[-63.335,65.3],[-63.448,65.292],[-63.342,65.253],[-63.458,65.239],[-63.325,65.22],[-63.317,65.191],[-63.513,65.191],[-63.439,65.171],[-63.477,65.157],[-63.342,65.14],[-63.433,65.101],[-63.399,65.078],[-63.367,65.063],[-63.465,65.057],[-63.388,65.042],[-63.469,65.032],[-63.456,65.004],[-63.527,64.971],[-63.504,64.953],[-63.546,64.887],[-63.653,64.911],[-63.628,64.929],[-63.656,64.943],[-63.601,64.961],[-63.614,64.999],[-63.732,64.962],[-63.824,64.984],[-63.825,65.012],[-63.655,65.038],[-63.87,65.04],[-63.881,65.096],[-63.798,65.182],[-63.859,65.179],[-63.965,65.096],[-64.074,65.12],[-64.077,65.068],[-64.121,65.043],[-64.205,65.106],[-64.267,65.094],[-64.208,65.155],[-64.081,65.199],[-64.231,65.196],[-64.323,65.148],[-64.38,65.181],[-64.391,65.248],[-64.337,65.289],[-64.399,65.27],[-64.402,65.291],[-64.255,65.386],[-64.237,65.429],[-64.291,65.422],[-64.352,65.346],[-64.461,65.294],[-64.455,65.207],[-64.535,65.097],[-64.58,65.128],[-64.637,65.119],[-64.611,65.141],[-64.643,65.153],[-64.62,65.192],[-64.73,65.158],[-64.682,65.203],[-64.718,65.22],[-64.696,65.234],[-64.647,65.247],[-64.731,65.271],[-64.801,65.23],[-64.91,65.303],[-64.684,65.341],[-64.91,65.339],[-64.591,65.429],[-64.448,65.418],[-64.412,65.478],[-64.468,65.442],[-64.648,65.464],[-64.695,65.427],[-64.863,65.424],[-64.981,65.401],[-64.989,65.368],[-65.058,65.376],[-65.144,65.427],[-65.135,65.461],[-65.168,65.483],[-64.929,65.524],[-64.863,65.579],[-64.788,65.584],[-64.836,65.605],[-64.821,65.641],[-64.71,65.652],[-64.853,65.654],[-64.993,65.548],[-65.212,65.552],[-65.196,65.599],[-65.318,65.55],[-65.338,65.575],[-65.3,65.59],[-65.299,65.63],[-65.125,65.633],[-65.099,65.671],[-64.994,65.701],[-64.791,65.723],[-65.024,65.716],[-65.168,65.656],[-65.431,65.669],[-65.456,65.685],[-65.372,65.777],[-65.497,65.737],[-65.456,65.826],[-65.343,65.916],[-64.963,65.998],[-64.735,65.969],[-64.851,66.032],[-64.779,66.092],[-64.721,66.217],[-64.356,66.349],[-64.718,66.273],[-64.839,66.193],[-64.858,66.106],[-65.226,66.019],[-65.286,66.038],[-65.293,66.01],[-65.398,65.974],[-65.916,65.951],[-65.963,66.034],[-65.911,66.091],[-65.634,66.172],[-65.471,66.312],[-65.536,66.318],[-65.471,66.342],[-65.475,66.387],[-65.553,66.327],[-65.571,66.268],[-65.696,66.18],[-65.951,66.108],[-66.139,66.131],[-66.254,66.22],[-66.15,66.284],[-66.262,66.238],[-66.419,66.275],[-66.441,66.266],[-66.374,66.207],[-66.504,66.208],[-66.545,66.278],[-66.474,66.275],[-66.515,66.318],[-66.471,66.347],[-66.576,66.359],[-66.437,66.413],[-66.617,66.368],[-66.767,66.38],[-66.715,66.385],[-66.679,66.454],[-66.731,66.428],[-66.813,66.452],[-66.786,66.505],[-66.857,66.536],[-66.724,66.584],[-66.851,66.583],[-67.023,66.643],[-67.058,66.642],[-67.043,66.625],[-66.884,66.566],[-67.044,66.521],[-67.149,66.531],[-67.079,66.511],[-67.105,66.485],[-67.198,66.494],[-67.19,66.529],[-67.329,66.565],[-67.338,66.597],[-67.45,66.572],[-67.536,66.622],[-67.554,66.61],[-67.521,66.565],[-67.639,66.596],[-67.638,66.576],[-67.74,66.571],[-67.296,66.526],[-67.26,66.475],[-67.148,66.443],[-67.138,66.382],[-67.185,66.363],[-67.236,66.4],[-67.406,66.429],[-67.293,66.371],[-67.188,66.352],[-67.126,66.305],[-67.254,66.302],[-67.282,66.275],[-67.371,66.313],[-67.399,66.292],[-67.493,66.352],[-67.492,66.382],[-67.638,66.445],[-67.812,66.463],[-67.856,66.518],[-67.883,66.489],[-67.923,66.516],[-67.992,66.503],[-67.87,66.454],[-67.858,66.411],[-67.76,66.358],[-67.701,66.284],[-67.741,66.243],[-67.293,66.11],[-67.252,66.049],[-67.162,66.035],[-67.311,65.996],[-67.171,65.926],[-67.194,65.909],[-67.349,65.913],[-67.411,65.943],[-67.453,65.897],[-67.606,65.902],[-67.742,65.96],[-67.704,65.891],[-67.914,65.899],[-68.03,65.998],[-68.025,66.065],[-67.97,66.087],[-68.23,66.146],[-68.276,66.224],[-68.346,66.212],[-68.336,66.174],[-68.389,66.183],[-68.456,66.271],[-68.516,66.298],[-68.48,66.215],[-68.835,66.184],[-68.493,66.188],[-68.244,66.071],[-68.218,66.081],[-68.259,66.109],[-68.22,66.128],[-68.027,66.074],[-68.06,66.054],[-68.064,65.984],[-68.121,66.021],[-68.2,66.02],[-68.123,65.963],[-68.346,66.037],[-68.192,65.95],[-68.315,65.959],[-68.321,65.911],[-68.169,65.904],[-68.142,65.929],[-68.148,65.873],[-68.185,65.854],[-68.08,65.834],[-68.203,65.792],[-68.023,65.775],[-67.81,65.815],[-67.821,65.768],[-67.943,65.746],[-67.976,65.705],[-67.876,65.694],[-67.867,65.634],[-67.908,65.611],[-67.984,65.633],[-67.917,65.599],[-68.058,65.568],[-67.951,65.568],[-68.025,65.481],[-67.73,65.636],[-67.485,65.643],[-67.462,65.674],[-67.328,65.662],[-67.251,65.606],[-67.339,65.576],[-67.26,65.529],[-67.362,65.546],[-67.414,65.525],[-67.332,65.515],[-67.335,65.494],[-67.451,65.493],[-67.334,65.443],[-67.291,65.47],[-67.058,65.451],[-67.112,65.435],[-67.058,65.426],[-67.118,65.361],[-67.309,65.369],[-67.409,65.333],[-67.326,65.316],[-67.269,65.352],[-67.12,65.309],[-67.168,65.264],[-67.077,65.25],[-67.168,65.224],[-67.128,65.228],[-67.111,65.196],[-66.928,65.229],[-66.959,65.106],[-67.055,65.105],[-67.107,65.058],[-66.98,65.087],[-66.951,65.081],[-66.961,65.057],[-66.9,65.063],[-66.826,65.149],[-66.726,65.18],[-66.753,65.113],[-66.827,65.094],[-66.793,65.083],[-66.806,65.055],[-66.915,65.05],[-66.84,65.033],[-66.76,65.064],[-66.78,65.003],[-66.736,64.999],[-66.743,64.963],[-66.83,64.94],[-66.726,64.913],[-66.767,64.868],[-66.698,64.763],[-66.632,64.781],[-66.689,64.822],[-66.644,64.946],[-66.688,65.038],[-66.535,65.01],[-66.539,64.953],[-66.48,64.983],[-66.478,64.929],[-66.379,64.912],[-66.341,64.938],[-66.309,64.864],[-66.267,64.901],[-66.148,64.868],[-66.191,64.778],[-66.339,64.763],[-66.207,64.752],[-66.212,64.685],[-66.151,64.689],[-66.116,64.781],[-66.02,64.849],[-66.036,64.708],[-66.006,64.701],[-66.011,64.748],[-65.956,64.761],[-65.912,64.681],[-65.803,64.633],[-65.899,64.732],[-65.855,64.755],[-65.938,64.799],[-65.885,64.827],[-65.958,64.877],[-65.862,64.859],[-65.838,64.882],[-65.772,64.853],[-65.786,64.801],[-65.733,64.844],[-65.664,64.808],[-65.742,64.741],[-65.704,64.687],[-65.708,64.736],[-65.665,64.771],[-65.555,64.723],[-65.586,64.64],[-65.746,64.59],[-65.714,64.57],[-65.725,64.498],[-65.518,64.499],[-65.505,64.468],[-65.348,64.525],[-65.404,64.441],[-65.334,64.48],[-65.276,64.46],[-65.268,64.511],[-65.217,64.535],[-65.238,64.483],[-65.115,64.51],[-65.177,64.475],[-65.077,64.475],[-65.078,64.421],[-65.26,64.384],[-65.184,64.356],[-65.194,64.31],[-65.658,64.302],[-65.434,64.299],[-65.465,64.291],[-65.439,64.268],[-65.558,64.244],[-65.339,64.246],[-65.362,64.224],[-65.25,64.208],[-65.391,64.148],[-65.265,64.178],[-65.115,64.106],[-65.193,64.072],[-65.049,64.072],[-65.221,64.028],[-64.949,64.014],[-64.919,64.003],[-64.954,63.971],[-64.822,64.024],[-64.756,64.001],[-64.668,64.033],[-64.632,63.972],[-64.888,63.895],[-64.889,63.865],[-64.974,63.851],[-64.984,63.813],[-64.948,63.774],[-64.755,63.744],[-64.689,63.754],[-64.508,63.65],[-64.521,63.611],[-64.589,63.608],[-64.536,63.581],[-64.558,63.558],[-64.519,63.494],[-64.547,63.468],[-64.501,63.423],[-64.553,63.393],[-64.634,63.41],[-64.51,63.374],[-64.495,63.327],[-64.526,63.303],[-64.62,63.313],[-64.481,63.282],[-64.648,63.237],[-64.767,63.323],[-64.757,63.379],[-64.797,63.395],[-64.834,63.498],[-64.935,63.572],[-64.942,63.632],[-65.07,63.671],[-65.106,63.727],[-65.208,63.775],[-65.159,63.781],[-65.298,63.812],[-64.986,63.601],[-65.091,63.559],[-65.099,63.526],[-65.042,63.459],[-65.117,63.426],[-65.045,63.431],[-65.123,63.4],[-64.965,63.369],[-64.909,63.28],[-64.921,63.235],[-65.055,63.314],[-65.015,63.251],[-65.148,63.286],[-65.087,63.23],[-64.968,63.217],[-65.079,63.212],[-65.057,63.174],[-64.92,63.184],[-64.857,63.164],[-64.898,63.14],[-64.783,63.122],[-64.76,63.09],[-64.864,63.088],[-64.766,63.062],[-64.815,63.039],[-64.771,62.983],[-64.846,62.967],[-64.73,62.921],[-64.696,62.952],[-64.626,62.899],[-64.881,62.867],[-65.08,62.938],[-65.119,62.992],[-65.154,62.972],[-65.125,62.92],[-65.236,62.957],[-65.274,63.001],[-65.279,62.968],[-65.186,62.924],[-65.202,62.887],[-64.984,62.714],[-64.928,62.632],[-64.983,62.642],[-64.981,62.619],[-65.144,62.565],[-65.22,62.578],[-65.294,62.669],[-65.266,62.694],[-65.327,62.691],[-65.328,62.666],[-65.353,62.684],[-65.318,62.743],[-65.244,62.779],[-65.361,62.774],[-65.363,62.816],[-65.331,62.822],[-65.253,62.832],[-65.339,62.837],[-65.331,62.925],[-65.402,62.821],[-65.454,62.841],[-65.609,62.82],[-65.664,62.904],[-65.704,62.89],[-65.75,62.922],[-65.688,62.979],[-65.728,63.052],[-65.743,62.965],[-65.825,62.927],[-65.793,62.87],[-65.878,62.924],[-65.964,62.931],[-65.833,63.031],[-65.95,62.975],[-66.014,62.978],[-66.074,63.021],[-66.055,63.048],[-66.137,63.037],[-66.162,63.089],[-66.275,63.133],[-66.291,63.116],[-66.212,63.081],[-66.196,63.031],[-66.091,62.983],[-66.097,62.952],[-66.159,62.936],[-66.293,62.992],[-66.392,62.994],[-66.518,63.065],[-66.493,63.087],[-66.569,63.157],[-66.545,63.195],[-66.689,63.281],[-66.638,63.34],[-66.65,63.374],[-66.74,63.283],[-66.602,63.205],[-66.618,63.162],[-66.563,63.073],[-66.682,63.096],[-66.54,62.994],[-66.682,63.026],[-66.768,63.087],[-66.758,63.178],[-66.807,63.273],[-66.849,63.245],[-66.806,63.16],[-66.897,63.171],[-67.023,63.243],[-66.947,63.284],[-67.009,63.326],[-66.977,63.399],[-67.017,63.397],[-67.04,63.335],[-67.017,63.281],[-67.092,63.276],[-67.171,63.316],[-67.146,63.279],[-67.179,63.275],[-67.346,63.374],[-67.403,63.462],[-67.414,63.41],[-67.494,63.436],[-67.552,63.536],[-67.621,63.548],[-67.683,63.619],[-67.67,63.653],[-67.778,63.636],[-67.794,63.688],[-67.834,63.689],[-67.833,63.725],[-67.914,63.759],[-67.799,63.632],[-67.819,63.585],[-67.786,63.528],[-67.671,63.412],[-67.678,63.373],[-67.716,63.363],[-67.82,63.4],[-67.858,63.457],[-67.95,63.506],[-68.083,63.547],[-68.126,63.603],[-68.137,63.576],[-68.247,63.597],[-68.216,63.627],[-68.272,63.691],[-68.312,63.69],[-68.271,63.638],[-68.302,63.633],[-68.528,63.746],[-68.556,63.727],[-68.747,63.774],[-68.723,63.729],[-68.994,63.755],[-68.813,63.635],[-68.85,63.599],[-68.543,63.446],[-68.446,63.439],[-68.495,63.421],[-68.27,63.285],[-68.284,63.261],[-68.206,63.227],[-68.234,63.197],[-68.139,63.148],[-67.917,63.137],[-67.976,63.064],[-67.919,63.073],[-67.894,63.119],[-67.785,63.087],[-67.61,63.094],[-67.615,63.063],[-67.791,63.02],[-67.735,62.981],[-67.769,62.958],[-67.713,62.961],[-67.736,62.995],[-67.686,63.026],[-67.553,63.048],[-67.499,63.007],[-67.651,62.967],[-67.665,62.918],[-67.462,62.985],[-67.395,62.963],[-67.419,62.931],[-67.362,62.943],[-67.246,62.883],[-67.37,62.854],[-67.2,62.873],[-67.179,62.837],[-67.241,62.812],[-67.114,62.82],[-67.086,62.793],[-67.118,62.756],[-67.048,62.771],[-67.012,62.734],[-67.058,62.691],[-66.912,62.694],[-67.001,62.653],[-66.804,62.678],[-66.726,62.668],[-66.773,62.632],[-66.67,62.641],[-66.712,62.621],[-66.615,62.612],[-66.61,62.582],[-66.487,62.511],[-66.509,62.421],[-66.351,62.444],[-66.394,62.419],[-66.33,62.379],[-66.476,62.335],[-66.318,62.264],[-66.355,62.331],[-66.243,62.319],[-66.216,62.351],[-66.158,62.305],[-66.146,62.252],[-66.257,62.259],[-66.058,62.224],[-66.015,62.251],[-65.933,62.204],[-66.055,62.141],[-66.038,62.064],[-66.139,62.093],[-66.153,62.125],[-66.2,62.113],[-66.098,62.035],[-66.138,62.007],[-66.068,61.995],[-66.035,61.952],[-65.992,61.962],[-65.955,61.89],[-66.394,61.87],[-66.632,61.918],[-66.665,61.941],[-66.618,61.966],[-66.707,61.967],[-66.755,62.011],[-66.937,62.044],[-66.92,62.018],[-66.96,62.014],[-67.019,62.051],[-67.104,62.032],[-67.232,62.096],[-67.326,62.073],[-67.328,62.131],[-67.389,62.151],[-67.731,62.158],[-67.828,62.172],[-67.806,62.198],[-67.838,62.209],[-67.866,62.188],[-68.548,62.248],[-68.722,62.302],[-68.711,62.325],[-68.819,62.338],[-68.853,62.381],[-69.022,62.374],[-69.298,62.498],[-69.282,62.622],[-69.376,62.533],[-69.411,62.607],[-69.457,62.622],[-69.442,62.547],[-69.597,62.662],[-69.475,62.673],[-69.478,62.696],[-69.428,62.705],[-69.565,62.718],[-69.394,62.763],[-69.57,62.761],[-69.621,62.787],[-69.682,62.739],[-69.679,62.774],[-69.831,62.821],[-69.762,62.726],[-69.896,62.755],[-69.939,62.794],[-70.041,62.75],[-70.254,62.756],[-70.499,62.864],[-70.885,62.907],[-70.768,62.925],[-70.847,62.947],[-71.042,62.955],[-70.94,62.97],[-70.966,62.999],[-70.94,63.026],[-70.997,63.023],[-71.013,62.989],[-71.152,62.985],[-71.136,63.028],[-71.027,63.024],[-70.939,63.095],[-70.823,63.128],[-70.927,63.115],[-70.949,63.139],[-70.908,63.17],[-70.99,63.148],[-70.989,63.102],[-71.029,63.071],[-71.138,63.073],[-71.155,63.098],[-71.198,63.019],[-71.243,63.001],[-71.275,63.012],[-71.248,63.029],[-71.268,63.04],[-71.408,63.055],[-71.398,63.122],[-71.465,63.103],[-71.713,63.179],[-71.658,63.192],[-71.756,63.237],[-71.646,63.259],[-71.769,63.256],[-71.738,63.267],[-71.775,63.288],[-71.752,63.312],[-71.821,63.343],[-71.73,63.344],[-71.775,63.412],[-71.805,63.382],[-71.924,63.389],[-71.993,63.426],[-72.009,63.391],[-72.145,63.446],[-71.634,63.419],[-71.502,63.477],[-71.304,63.535],[-71.288,63.588],[-71.234,63.608],[-71.407,63.567],[-71.362,63.613],[-71.407,63.635],[-71.407,63.61],[-71.46,63.6],[-71.446,63.58],[-71.576,63.581],[-71.562,63.622],[-71.485,63.629],[-71.581,63.645],[-71.534,63.71],[-71.638,63.721],[-71.667,63.697],[-71.608,63.654],[-71.64,63.646],[-71.721,63.691],[-71.684,63.746],[-71.759,63.691],[-71.773,63.744],[-71.904,63.809],[-71.97,63.795],[-72.004,63.752],[-71.843,63.755],[-71.923,63.645],[-71.971,63.656],[-71.929,63.679],[-71.947,63.722],[-72.039,63.664],[-72.07,63.739],[-72.107,63.715],[-72.204,63.774],[-72.213,63.677],[-72.317,63.674],[-72.315,63.733],[-72.357,63.761],[-72.252,63.76],[-72.271,63.797],[-72.222,63.861],[-72.092,63.904],[-72.218,63.895],[-72.246,63.95],[-72.276,63.907],[-72.246,63.883],[-72.312,63.896],[-72.405,63.826],[-72.372,63.778],[-72.526,63.787],[-72.456,63.815],[-72.596,63.868],[-72.66,63.85],[-72.641,63.904],[-72.665,63.922],[-72.604,63.949],[-72.592,64.022],[-72.676,64.02],[-72.664,64.08],[-72.705,64.009],[-72.658,63.987],[-72.733,63.962],[-72.758,64.004],[-72.94,64.058],[-72.87,64.093],[-72.897,64.156],[-73.081,64.183],[-73.052,64.224],[-73.13,64.266],[-73.107,64.29],[-73.21,64.291],[-73.236,64.33],[-73.31,64.31],[-73.279,64.258],[-73.384,64.272],[-73.391,64.338],[-73.333,64.378],[-73.26,64.363],[-73.351,64.401],[-73.417,64.371],[-73.471,64.414],[-73.316,64.456],[-73.419,64.477],[-73.278,64.519],[-73.167,64.576],[-73.165,64.607],[-73.275,64.595],[-73.309,64.658],[-73.347,64.634],[-73.302,64.583],[-73.307,64.535],[-73.463,64.502],[-73.486,64.571],[-73.402,64.549],[-73.457,64.586],[-73.43,64.603],[-73.571,64.585],[-73.656,64.663],[-73.689,64.583],[-73.644,64.566],[-73.753,64.535],[-73.929,64.602],[-73.786,64.476],[-73.815,64.459],[-73.882,64.494],[-73.869,64.468],[-73.906,64.455],[-73.961,64.477],[-73.972,64.43],[-73.94,64.404],[-73.985,64.387],[-73.993,64.331],[-74.089,64.329],[-74.175,64.36],[-74.102,64.367],[-74.107,64.403],[-74.077,64.411],[-74.17,64.461],[-74.043,64.443],[-74.127,64.534],[-73.953,64.516],[-74.164,64.57],[-73.999,64.581],[-74.083,64.631],[-74.06,64.733],[-74.12,64.741],[-74.119,64.676],[-74.221,64.671],[-74.208,64.614],[-74.24,64.58],[-74.298,64.625],[-74.264,64.654],[-74.316,64.681],[-74.338,64.627],[-74.417,64.659],[-74.347,64.591],[-74.381,64.569],[-74.431,64.596],[-74.415,64.623],[-74.535,64.622],[-74.572,64.664],[-74.704,64.735],[-74.565,64.845],[-74.478,64.835],[-74.577,64.869],[-74.545,64.892],[-74.639,64.903],[-74.66,64.893],[-74.639,64.861],[-74.732,64.854],[-74.706,64.8],[-74.726,64.77],[-74.811,64.804],[-74.837,64.778],[-74.985,64.795],[-74.47,64.557],[-74.638,64.538],[-74.537,64.51],[-74.616,64.498],[-74.501,64.455],[-74.667,64.403],[-74.68,64.372],[-74.974,64.416],[-75.174,64.492],[-75.187,64.473],[-75.144,64.453],[-75.215,64.428],[-75.331,64.49],[-75.536,64.536],[-75.568,64.569],[-75.843,64.607],[-75.781,64.571],[-75.837,64.561],[-75.818,64.53],[-75.631,64.453],[-75.735,64.47],[-75.708,64.437],[-75.922,64.481],[-75.801,64.436],[-75.821,64.425],[-75.726,64.367],[-75.944,64.376],[-75.982,64.404],[-76.071,64.359],[-76.121,64.387],[-76.169,64.373],[-76.14,64.364],[-76.166,64.349],[-76.375,64.356],[-76.323,64.315],[-76.188,64.306],[-76.3,64.278],[-76.438,64.317],[-76.483,64.306],[-76.378,64.279],[-76.484,64.266],[-76.541,64.304],[-76.658,64.276],[-76.705,64.3],[-76.738,64.276],[-76.721,64.238],[-76.66,64.218],[-76.67,64.184],[-76.841,64.202],[-76.827,64.226],[-77.122,64.295],[-77.379,64.245],[-77.37,64.28],[-77.451,64.294],[-77.386,64.306],[-77.4,64.321],[-77.542,64.311],[-77.489,64.348],[-77.652,64.388],[-77.643,64.334],[-77.672,64.318],[-77.785,64.369],[-77.877,64.373],[-77.905,64.4],[-77.842,64.425],[-78.008,64.424],[-77.973,64.463],[-78.032,64.485],[-78.067,64.498],[-78.068,64.54],[-78.183,64.572],[-78.128,64.589],[-78.194,64.648],[-78.159,64.697],[-78.299,64.704],[-78.184,64.723],[-78.187,64.753],[-78.073,64.813],[-78.066,64.855],[-78.117,64.876],[-78.149,64.952],[-77.963,65.047],[-77.628,65.143],[-77.488,65.139],[-77.328,65.178],[-77.315,65.199],[-77.513,65.318],[-77.461,65.379],[-77.287,65.367],[-77.421,65.461],[-77.238,65.469],[-77.267,65.457],[-77.086,65.407],[-76.92,65.429],[-76.663,65.41],[-75.785,65.224],[-75.733,65.152],[-75.524,65.103],[-75.428,65.048],[-75.415,64.977],[-75.507,64.938],[-75.667,64.94],[-75.605,64.913],[-75.587,64.856],[-75.454,64.838],[-75.53,64.775],[-75.443,64.765],[-75.396,64.717],[-75.298,64.725],[-75.373,64.833],[-75.343,64.919],[-75.469,64.869],[-75.567,64.883],[-75.482,64.896],[-75.473,64.935],[-75.384,64.981],[-75.269,64.95],[-75.293,64.989],[-75.243,65.007],[-75.186,65.101],[-75.259,65.102],[-75.279,65.035],[-75.36,65.003],[-75.597,65.184],[-75.714,65.186],[-75.761,65.237],[-75.903,65.259],[-75.95,65.318],[-75.696,65.303],[-75.625,65.345],[-75.566,65.274],[-75.186,65.251],[-75.083,65.286],[-75.07,65.33],[-75.108,65.393],[-75,65.379],[-74.773,65.386],[-74.714,65.431],[-74.668,65.424],[-74.704,65.403],[-74.659,65.388],[-74.69,65.374],[-74.669,65.349],[-74.524,65.333],[-74.357,65.398],[-74.299,65.472],[-74.158,65.485],[-74.182,65.525],[-74.105,65.534],[-73.994,65.503],[-73.845,65.532],[-73.736,65.514],[-73.74,65.49],[-73.663,65.456],[-73.479,65.45],[-73.569,65.577],[-73.631,65.607],[-73.611,65.646],[-73.701,65.685],[-73.652,65.718],[-73.709,65.762],[-74.058,65.875],[-74.444,66.096],[-74.466,66.151],[-74.342,66.225],[-73.906,66.353],[-73.444,66.551],[-73.351,66.649],[-73.108,66.723],[-72.878,66.925],[-72.824,67.029],[-72.684,67.076],[-72.368,67.112],[-72.276,67.166],[-72.258,67.248],[-72.192,67.273],[-72.374,67.325],[-72.356,67.357],[-72.439,67.476],[-72.506,67.496],[-72.422,67.529],[-72.473,67.566],[-72.485,67.623],[-72.595,67.633],[-72.676,67.693],[-72.583,67.75],[-72.612,67.79],[-72.763,67.876],[-72.843,67.85],[-72.908,67.903],[-72.881,67.934],[-72.942,67.925],[-72.896,68.014],[-72.981,68.139],[-72.992,68.234],[-73.035,68.235],[-73.052,68.199],[-73.221,68.229],[-73.189,68.254],[-73.215,68.272],[-73.338,68.279],[-73.319,68.25],[-73.361,68.243],[-73.496,68.275],[-73.307,68.32],[-73.289,68.345],[-73.317,68.362],[-73.211,68.376],[-73.253,68.39],[-73.357,68.371],[-73.349,68.331],[-73.471,68.33],[-73.632,68.246],[-73.684,68.271],[-73.591,68.302],[-73.835,68.337],[-73.948,68.411],[-73.867,68.493],[-73.725,68.525],[-73.815,68.57],[-73.719,68.614],[-73.823,68.617],[-73.706,68.653],[-73.795,68.664],[-73.753,68.683],[-74.178,68.724],[-73.888,68.561],[-73.903,68.527],[-73.99,68.492],[-74.031,68.508],[-74.006,68.532],[-74.19,68.508],[-74.366,68.539],[-74.514,68.599],[-74.541,68.666],[-74.726,68.73],[-74.719,68.77],[-74.576,68.793],[-74.551,68.83],[-74.678,68.842],[-74.749,68.816],[-74.635,68.793],[-74.778,68.765],[-74.984,68.809],[-74.691,68.864],[-74.679,68.927],[-75.041,68.902],[-74.84,68.934],[-75,68.93],[-74.88,68.967],[-75.042,68.928],[-74.93,68.997],[-74.642,69.011],[-74.66,69.044],[-74.785,69.076],[-75.043,69.013],[-75.071,68.921],[-75.139,68.884],[-75.478,69.019],[-75.578,68.984],[-75.495,68.93],[-75.603,68.879],[-76.436,68.677],[-76.66,68.699],[-76.688,68.746],[-76.521,68.87],[-76.606,68.883],[-76.655,68.924],[-76.625,69.018],[-76.348,69.054],[-75.996,69.003],[-75.775,69.088],[-75.605,69.085],[-75.569,69.158],[-75.591,69.221],[-75.956,69.366],[-76.202,69.413],[-76.389,69.395],[-76.424,69.454],[-76.637,69.546],[-76.62,69.586],[-76.477,69.652],[-76.21,69.614],[-76.227,69.641],[-76.187,69.665],[-76.376,69.671],[-76.407,69.7],[-76.634,69.683],[-76.522,69.652],[-76.561,69.62],[-76.642,69.62],[-76.707,69.559],[-76.876,69.583],[-76.821,69.626],[-76.967,69.591],[-77.191,69.639],[-77.155,69.68],[-76.82,69.699],[-76.781,69.748],[-76.887,69.751],[-76.909,69.791],[-76.757,69.815],[-76.797,69.836],[-77.058,69.813],[-77.004,69.856],[-77.15,69.816],[-77.308,69.83],[-77.243,69.881],[-76.974,69.935],[-77.188,69.906],[-77.63,69.823],[-77.508,69.826],[-77.444,69.789],[-77.509,69.796],[-77.551,69.747],[-77.615,69.741],[-77.68,69.819],[-77.672,70.18],[-77.795,70.254],[-78.054,70.218],[-78.195,70.254],[-78.131,70.218],[-78.17,70.191],[-78.254,70.228],[-78.333,70.198],[-78.401,70.212],[-78.43,70.262],[-78.539,70.306],[-78.396,70.328],[-78.425,70.347],[-78.557,70.351],[-78.578,70.309],[-78.662,70.35],[-78.635,70.373],[-78.704,70.374],[-78.743,70.449],[-78.82,70.438],[-78.889,70.479],[-78.908,70.447],[-78.873,70.407],[-79.07,70.469],[-79.046,70.483],[-79.1,70.498],[-79.037,70.516],[-79.081,70.529],[-78.879,70.546],[-78.995,70.556],[-78.879,70.594],[-78.718,70.547],[-78.84,70.634],[-78.976,70.635],[-79.009,70.679],[-79.158,70.622],[-79.001,70.613],[-79.171,70.513],[-79.142,70.501],[-79.174,70.428],[-79.335,70.438],[-79.291,70.446],[-79.297,70.489],[-79.412,70.491],[-79.395,70.437],[-79.5,70.452],[-79.588,70.399],[-79.443,70.349],[-79.357,70.369],[-79.209,70.313],[-79.108,70.304],[-79.038,70.34],[-78.921,70.3],[-78.763,70.183],[-78.743,70.073],[-78.688,70.054],[-78.664,70.004],[-78.676,69.945],[-78.795,69.876],[-79.377,69.886],[-79.682,69.848],[-79.901,69.976],[-80.009,69.941],[-80.053,69.997],[-80.232,70.007],[-80.326,69.98],[-80.577,70.048],[-80.983,70.056],[-81.069,70.097],[-81.429,70.093],[-81.728,70.132],[-81.761,70.117],[-81.709,70.074],[-81.539,70.053],[-81.441,69.999],[-81.338,70.033],[-81.188,69.991],[-81.126,69.927],[-80.791,69.79],[-80.775,69.752],[-80.967,69.714],[-80.952,69.732],[-81.103,69.768],[-81.166,69.821],[-81.599,69.943],[-81.577,69.968],[-81.769,69.975],[-82.232,70.146],[-82.558,70.184],[-82.992,70.303],[-83.048,70.306],[-82.813,70.206],[-82.103,70.065],[-81.906,69.97],[-81.71,69.934],[-81.768,69.901],[-81.744,69.871],[-81.85,69.884],[-81.854,69.855],[-81.96,69.844],[-82.019,69.873],[-82.144,69.823],[-82.118,69.81],[-82.143,69.781],[-82.298,69.801],[-82.262,69.823],[-82.321,69.83],[-82.206,69.828],[-82.303,69.856],[-82.463,69.841],[-83.066,70.01],[-83.265,70.013],[-83.345,69.977],[-83.715,69.947],[-84.728,70.01],[-84.823,70.028],[-84.87,70.071],[-84.796,70.107],[-84.982,70.064],[-85.666,70.104],[-85.869,70.085],[-85.851,70.038],[-85.618,70.07],[-85.236,69.989],[-85.726,69.99],[-86.254,70.105],[-86.551,70.234],[-86.548,70.296],[-86.574,70.311],[-86.552,70.346],[-86.591,70.358],[-86.512,70.416],[-86.294,70.472],[-86.39,70.522],[-86.339,70.486],[-86.4,70.463],[-86.678,70.373],[-86.647,70.319],[-86.876,70.326],[-86.889,70.357],[-86.739,70.382],[-86.93,70.391],[-86.87,70.413],[-86.978,70.42],[-86.921,70.451],[-86.953,70.467],[-87.132,70.439],[-87.144,70.404],[-87.246,70.383],[-87.01,70.371],[-86.972,70.351],[-86.985,70.281],[-87.756,70.332],[-87.785,70.303],[-87.613,70.281],[-87.866,70.238],[-88.014,70.295],[-88.25,70.321],[-88.206,70.352],[-87.999,70.303],[-87.889,70.321],[-88.402,70.448],[-88.693,70.455],[-88.889,70.528],[-89.003,70.624],[-89.005,70.656],[-89.338,70.795],[-89.448,70.902],[-89.222,70.935],[-89.195,70.968],[-89.559,71.09],[-89.228,71.072],[-89.203,71.038],[-89.134,71.026],[-88.634,71.052],[-88.38,71.011],[-88.318,70.953],[-88.025,70.93],[-87.353,70.945],[-87.308,70.995],[-87.246,71.009],[-87.002,70.994],[-87.385,71.041],[-87.712,71.126],[-87.848,71.184],[-87.829,71.261],[-87.911,71.266],[-88.084,71.206],[-89.662,71.307],[-89.899,71.351],[-90,71.455],[-89.951,71.52],[-90.04,71.597],[-89.795,71.759],[-89.914,71.791],[-89.883,71.813],[-89.954,71.82],[-89.955,71.851],[-90,71.864],[-90.119,71.926],[-90,72.057],[-89.738,72.124],[-89.664,72.113],[-89.574,72.163],[-89.78,72.157],[-89.897,72.188],[-89.96,72.251],[-89.928,72.265],[-89.956,72.321],[-89.827,72.396],[-89.907,72.432],[-89.781,72.426],[-89.897,72.435],[-89.793,72.462],[-89.753,72.605],[-89.572,72.616],[-89.545,72.632],[-89.556,72.663],[-89.47,72.666],[-89.574,72.698],[-89.547,72.769],[-89.574,72.785],[-89.302,72.75],[-89.245,72.785],[-89.414,72.825],[-89.295,72.919],[-89.361,72.991],[-89.205,73.013],[-89.308,73.048],[-89.235,73.12],[-89.125,73.146],[-89.18,73.156],[-89.087,73.207],[-88.888,73.212],[-89.046,73.246],[-88.956,73.293],[-88.618,73.28],[-88.856,73.336],[-88.074,73.627],[-87.456,73.76],[-86.548,73.85],[-85.239,73.821],[-84.837,73.741],[-84.956,73.665],[-85.573,73.508],[-85.915,73.366],[-86.119,73.246],[-86.322,73.046],[-86.653,72.868],[-86.74,72.727],[-86.682,72.683],[-86.705,72.665],[-86.686,72.644],[-86.397,72.534],[-86.24,72.42],[-86.435,72.27],[-86.459,72.201],[-86.429,72.168],[-86.42,72.012],[-86.33,71.98],[-86.332,71.947],[-86.11,71.783],[-85.747,71.644],[-85.5,71.511],[-84.934,71.418],[-84.915,71.388],[-84.951,71.34],[-84.872,71.333],[-84.832,71.278],[-85.254,71.287],[-85.273,71.277],[-85.246,71.262],[-85.172,71.272],[-85.234,71.247],[-85.472,71.231],[-85.393,71.222],[-85.399,71.193],[-85.463,71.211],[-85.514,71.176],[-85.729,71.206],[-85.932,71.178],[-86.248,71.058],[-86.82,70.988],[-86.601,70.971],[-86.27,71.002],[-85.802,71.135],[-85.411,71.174],[-85.163,71.136],[-85.088,71.151],[-85.116,71.179],[-84.875,71.172],[-84.845,71.147],[-84.875,71.069],[-84.966,71.1],[-85.127,71.087],[-84.96,71.072],[-85.005,71.03],[-84.929,71.004],[-84.975,70.945],[-84.958,70.919],[-84.793,70.926],[-84.748,70.988],[-84.829,71.073],[-84.801,71.183],[-84.665,71.217],[-84.793,71.278],[-84.74,71.377],[-84.762,71.406],[-84.526,71.468],[-84.561,71.549],[-84.658,71.583],[-84.606,71.649],[-84.782,71.678],[-84.867,71.668],[-84.84,71.641],[-84.876,71.627],[-85.279,71.668],[-85.579,71.784],[-85.432,71.806],[-85.559,71.9],[-86.022,71.98],[-86.05,72.011],[-85.966,71.979],[-85.981,72.028],[-85.721,72.004],[-85.776,72.023],[-85.764,72.043],[-85.509,72.068],[-85.495,72.089],[-85.54,72.124],[-85.396,72.137],[-85.509,72.178],[-85.496,72.21],[-85.538,72.235],[-85.417,72.22],[-85.5,72.248],[-85.47,72.262],[-84.919,72.232],[-84.273,72.022],[-84.184,71.93],[-84.158,71.977],[-84.189,72.008],[-84.164,72.021],[-84.346,72.069],[-84.413,72.119],[-84.378,72.127],[-84.613,72.163],[-84.743,72.223],[-84.669,72.235],[-84.933,72.284],[-84.816,72.352],[-84.521,72.35],[-84.442,72.383],[-84.864,72.366],[-84.87,72.4],[-84.786,72.408],[-84.776,72.458],[-85.127,72.351],[-85.115,72.383],[-85.339,72.406],[-85.535,72.469],[-85.617,72.545],[-85.475,72.575],[-85.623,72.586],[-85.705,72.637],[-85.682,72.68],[-85.708,72.743],[-85.65,72.864],[-85.688,72.893],[-85.57,72.966],[-85.283,72.964],[-83.955,72.748],[-85.091,72.983],[-85.059,72.996],[-85.129,73.031],[-85.178,73.006],[-85.535,73.021],[-85.406,73.136],[-85.277,73.068],[-85.142,73.047],[-85.229,73.123],[-85.148,73.141],[-84.829,73.085],[-83.867,73.029],[-83.634,72.982],[-83.784,73.04],[-84.584,73.115],[-85.17,73.21],[-85.188,73.228],[-85.134,73.305],[-85.017,73.348],[-84.786,73.388],[-84.654,73.305],[-84.355,73.223],[-84.413,73.272],[-84.586,73.323],[-84.598,73.362],[-84.656,73.39],[-84.171,73.475],[-83.751,73.427],[-83.689,73.323],[-83.6,73.297],[-83.594,73.325],[-83.65,73.367],[-83.625,73.415],[-83.652,73.445],[-84.006,73.509],[-83.201,73.66],[-83.045,73.645],[-82.84,73.732],[-81.572,73.719],[-81.457,73.691],[-81.449,73.653],[-81.263,73.564],[-81.18,73.415],[-81.204,73.266],[-80.596,73.148],[-80.549,73.081],[-80.595,73.045],[-80.584,73.013],[-80.647,72.99],[-80.638,72.922],[-80.487,72.828],[-80.319,72.799],[-80.247,72.73],[-80.541,72.628],[-80.531,72.573],[-80.942,72.455],[-81.099,72.353],[-81.176,72.338],[-81.199,72.289],[-81.379,72.241],[-81.229,72.258],[-80.88,72.438],[-80.516,72.503],[-80.492,72.453],[-80.514,72.379],[-80.794,72.284],[-80.864,72.225],[-80.838,72.199],[-80.969,72.199],[-80.567,72.072],[-80.646,72.063],[-80.771,72.104],[-81.025,72.091],[-80.996,72.066],[-81.086,72.046],[-80.847,72.056],[-80.792,72.027],[-80.827,72.001],[-80.821,71.956],[-80.975,71.895],[-80.95,71.881],[-80.756,71.934],[-80.746,71.982],[-80.385,72.048],[-80.347,72.088],[-80.486,72.189],[-80.241,72.197],[-80.306,72.255],[-80.26,72.294],[-80.155,72.273],[-79.991,72.176],[-79.674,72.126],[-79.979,72.217],[-80.164,72.327],[-80.064,72.383],[-79.874,72.426],[-79.851,72.462],[-79.87,72.483],[-79.836,72.498],[-79.692,72.466],[-79.769,72.412],[-79.595,72.334],[-79.638,72.289],[-79.768,72.245],[-79.75,72.215],[-79.565,72.275],[-79.45,72.194],[-79.467,72.249],[-79.543,72.285],[-79.329,72.397],[-79.027,72.277],[-78.948,72.273],[-78.985,72.234],[-78.943,72.193],[-79.005,72.143],[-79.036,72.069],[-79.233,71.976],[-79.026,71.97],[-78.551,71.861],[-78.508,71.876],[-78.592,71.903],[-78.607,71.938],[-78.923,72.014],[-78.876,72.061],[-78.854,72.173],[-78.476,72.087],[-78.381,71.928],[-78.184,71.817],[-77.904,71.768],[-78.139,71.83],[-78.308,71.921],[-78.305,71.946],[-78.156,71.968],[-77.966,71.837],[-77.797,71.792],[-77.759,71.75],[-77.698,71.811],[-77.907,71.848],[-78.103,71.944],[-78.116,71.976],[-78.322,71.985],[-78.375,72.085],[-78.436,72.117],[-78.854,72.214],[-78.86,72.235],[-78.749,72.28],[-78.819,72.314],[-78.792,72.337],[-78.604,72.359],[-78.515,72.33],[-78.529,72.235],[-78.408,72.166],[-78.384,72.175],[-78.411,72.216],[-78.472,72.242],[-78.445,72.281],[-78.468,72.314],[-78.408,72.325],[-77.665,72.204],[-77.644,72.186],[-77.665,72.163],[-77.62,72.136],[-77.657,72.094],[-77.589,72.127],[-77.622,72.164],[-77.588,72.181],[-77.289,72.183],[-76.997,72.128],[-77.278,72.196],[-77.549,72.198],[-78.389,72.373],[-78.559,72.438],[-78.556,72.504],[-78.43,72.586],[-77.613,72.751],[-77.063,72.753],[-76.753,72.72],[-76.653,72.67],[-76.681,72.642],[-76.166,72.586],[-76.162,72.526],[-76.107,72.473],[-76.036,72.489],[-76.064,72.549],[-75.931,72.583],[-75.231,72.5],[-75,72.298],[-74.947,72.249],[-75.238,72.118],[-75.607,72.143],[-76.015,72.086],[-76.41,71.859],[-76.374,71.842],[-76.238,71.931],[-76.089,71.978],[-76.019,72.046],[-75.796,72.103],[-75.528,72.12],[-75.233,72.084],[-75.221,72.064],[-75.281,72.038],[-75.606,71.989],[-75.692,71.833],[-75.802,71.75],[-76.096,71.697],[-75.88,71.702],[-75.794,71.725],[-75.654,71.826],[-75.57,71.917],[-75.558,71.976],[-75.197,72.023],[-75.035,72.125],[-74.244,72.073],[-74.117,71.969],[-74.212,71.912],[-74.166,71.874],[-74.23,71.822],[-74.439,71.801],[-74.539,71.828],[-74.575,71.818],[-74.551,71.794],[-74.713,71.735],[-75.389,71.681],[-75.043,71.699],[-74.933,71.663],[-75.406,71.512],[-74.672,71.692],[-74.631,71.646],[-74.713,71.583],[-75,71.535],[-75.152,71.466],[-75.033,71.513],[-74.838,71.521],[-74.816,71.493],[-74.925,71.454],[-74.736,71.429],[-74.699,71.39],[-75.087,71.2],[-75.065,71.18],[-74.874,71.247],[-74.637,71.38],[-74.638,71.426],[-74.735,71.472],[-74.736,71.53],[-74.62,71.558],[-74.522,71.662],[-74.381,71.677],[-74.288,71.727],[-74.109,71.735],[-74.128,71.671],[-74.254,71.606],[-74.243,71.569],[-74.156,71.532],[-74.216,71.612],[-74.096,71.652],[-73.977,71.759],[-73.704,71.774],[-73.686,71.718],[-73.604,71.772],[-73.62,71.716],[-73.791,71.661],[-73.797,71.626],[-73.89,71.609],[-73.888,71.582],[-73.985,71.534],[-74.012,71.483],[-73.988,71.461],[-74.319,71.409],[-74.028,71.437],[-74.066,71.395],[-74.063,71.336],[-74.179,71.306],[-74.091,71.285],[-74.235,71.198],[-73.996,71.324],[-74.006,71.367],[-73.968,71.419],[-73.897,71.445],[-73.867,71.525],[-73.746,71.585],[-73.621,71.583],[-73.565,71.551],[-73.619,71.515],[-73.649,71.441],[-73.583,71.388],[-73.635,71.359],[-73.518,71.379],[-73.503,71.424],[-73.446,71.44],[-73.38,71.385],[-73.464,71.372],[-73.681,71.246],[-73.735,71.093],[-73.898,71.057],[-73.674,71.088],[-73.673,71.163],[-73.623,71.225],[-73.433,71.308],[-73.436,71.34],[-73.349,71.345],[-73.049,71.268],[-73.271,71.22],[-73.235,71.162],[-73.294,71.092],[-73.45,71.035],[-73.377,70.98],[-73.399,71.041],[-73.267,71.081],[-73.196,71.134],[-73.168,71.17],[-73.18,71.211],[-72.995,71.25],[-72.951,71.316],[-72.993,71.401],[-72.759,71.426],[-72.838,71.506],[-72.649,71.536],[-72.557,71.66],[-71.554,71.503],[-71.444,71.468],[-71.428,71.428],[-71.301,71.388],[-71.123,71.271],[-71.34,71.17],[-71.464,71.062],[-71.91,71.107],[-72.099,71.063],[-72.101,71.016],[-72.179,70.962],[-72.297,70.947],[-72.334,70.878],[-72.771,70.815],[-72.302,70.867],[-72.163,70.836],[-72.333,70.75],[-72.316,70.723],[-72.381,70.677],[-72.623,70.628],[-72.542,70.609],[-72.326,70.667],[-72.185,70.766],[-71.626,70.863],[-71.326,70.885],[-71.185,70.851],[-71.289,70.908],[-71.208,71.004],[-70.836,71.114],[-70.613,71.062],[-70.514,70.921],[-70.726,70.829],[-70.746,70.745],[-71.1,70.654],[-71.175,70.583],[-71.592,70.606],[-71.583,70.546],[-71.737,70.483],[-71.748,70.444],[-71.96,70.42],[-71.727,70.417],[-71.755,70.329],[-71.836,70.289],[-71.733,70.313],[-71.674,70.369],[-71.655,70.472],[-71.525,70.524],[-71.506,70.576],[-71.167,70.531],[-71.273,70.336],[-71.322,70.312],[-71.285,70.251],[-71.535,70.019],[-71.331,70.128],[-71.298,70.196],[-71.21,70.262],[-71.231,70.294],[-71.06,70.52],[-70.989,70.524],[-71.053,70.553],[-70.997,70.625],[-70.844,70.641],[-70.611,70.723],[-69.892,70.883],[-69.771,70.857],[-69.879,70.768],[-70.084,70.683],[-70.245,70.638],[-70.454,70.627],[-70.478,70.606],[-70.397,70.524],[-70.477,70.475],[-70.308,70.498],[-70.393,70.611],[-70.049,70.632],[-70.027,70.589],[-69.978,70.653],[-69.775,70.682],[-69.808,70.701],[-69.771,70.712],[-69.665,70.682],[-69.62,70.758],[-69.451,70.791],[-69.226,70.779],[-69.111,70.721],[-68.284,70.54],[-68.289,70.5],[-68.451,70.409],[-68.458,70.369],[-68.575,70.396],[-68.548,70.447],[-68.582,70.464],[-68.661,70.431],[-68.651,70.345],[-68.682,70.329],[-69.414,70.253],[-69.668,70.198],[-69.829,70.154],[-69.917,70.085],[-70.185,70.028],[-69.901,70.048],[-69.815,69.984],[-70.148,69.962],[-70.291,69.889],[-70.45,69.857],[-70.384,69.837],[-70.076,69.958],[-69.777,69.963],[-69.735,69.99],[-69.804,70.038],[-69.792,70.08],[-69.675,70.139],[-69.219,70.188],[-69.039,70.167],[-69.014,70.183],[-69.129,70.214],[-68.682,70.203],[-68.642,70.149],[-68.753,70.105],[-68.734,70.073],[-68.783,70.044],[-69.106,69.974],[-69.426,69.819],[-69.683,69.839],[-69.805,69.819],[-69.998,69.669],[-69.982,69.615],[-69.741,69.803],[-69.395,69.777],[-69.076,69.923],[-68.933,69.951],[-68.639,69.939],[-68.669,69.981],[-68.541,70.021],[-68.565,70.049],[-68.338,70.064],[-68.207,70.109],[-68.229,70.135],[-68.333,70.139],[-68.291,70.163],[-68.345,70.163],[-68.345,70.188],[-68.298,70.182],[-68.318,70.218],[-68.16,70.282],[-68.151,70.313],[-68.055,70.322],[-67.909,70.275],[-67.794,70.258],[-67.575,70.158],[-67.242,69.958],[-67.117,69.726],[-67.406,69.714],[-67.761,69.778],[-67.996,69.774],[-68.208,69.715],[-68.329,69.627],[-68.699,69.645],[-69.22,69.535],[-69.688,69.569],[-70.035,69.537],[-69.885,69.507],[-69.663,69.548],[-69.299,69.506],[-68.668,69.59],[-67.982,69.457],[-67.792,69.484],[-67.258,69.467],[-66.795,69.341],[-66.694,69.281],[-66.646,69.203],[-66.758,69.128],[-66.996,69.177],[-67.164,69.179],[-67.207,69.143],[-67.343,69.183],[-67.676,69.169],[-68.184,69.308],[-68.375,69.294],[-68.984,69.356],[-69.257,69.27],[-68.941,69.332],[-68.445,69.27],[-68.159,69.266],[-68.077,69.217],[-68.129,69.197],[-68.967,69.221],[-68.502,69.198],[-68.707,69.138],[-69.075,69.105],[-68.926,69.098],[-68.958,69.003],[-69.028,68.971],[-68.93,68.992],[-68.872,69.084],[-68.506,69.161],[-68.178,69.146],[-67.705,69.016],[-68.029,68.971],[-68.314,69.01],[-68.556,68.964],[-68.303,68.985],[-68.048,68.943],[-68.051,68.91],[-68.089,68.901],[-67.977,68.855],[-68.485,68.89],[-67.861,68.805],[-67.771,68.781],[-67.872,68.771],[-68.565,68.847],[-68.611,68.835],[-68.489,68.791],[-68.605,68.781],[-69.28,68.875],[-69.394,68.857],[-69.152,68.828],[-69.383,68.816],[-68.957,68.79],[-68.959,68.756],[-68.997,68.751],[-68.97,68.737],[-68.868,68.766],[-68.529,68.746],[-68.049,68.681],[-68.168,68.668],[-68.087,68.654],[-68.094,68.627],[-68.209,68.655],[-68.359,68.627],[-68.657,68.656],[-68.902,68.603],[-68.768,68.594],[-68.628,68.635],[-68.483,68.596],[-68.739,68.563],[-68.46,68.562],[-68.337,68.593],[-68.136,68.572],[-68.126,68.53],[-67.922,68.55],[-67.939,68.522],[-67.904,68.455],[-67.958,68.396],[-67.898,68.421],[-67.864,68.549],[-67.78,68.529],[-67.669,68.561],[-67.492,68.527],[-67.628,68.496],[-67.612,68.379],[-67.551,68.414],[-67.553,68.488],[-67.378,68.469],[-67.316,68.496],[-67.272,68.451],[-67.232,68.48],[-67.191,68.426],[-67.324,68.407],[-67.105,68.414],[-67.112,68.478],[-66.974,68.436],[-66.803,68.467],[-66.663,68.432],[-66.801,68.424],[-66.808,68.399],[-66.904,68.416],[-66.936,68.374],[-67.011,68.353],[-67.408,68.393],[-67.781,68.337],[-67.865,68.299],[-67.869,68.259],[-67.752,68.318],[-67.536,68.341],[-67.586,68.301],[-67.576,68.268],[-67.695,68.242],[-67.57,68.253],[-67.533,68.271],[-67.54,68.299],[-67.394,68.354],[-67.325,68.344],[-67.323,68.319],[-67.243,68.358],[-67.016,68.318],[-67.235,68.294],[-67.327,68.243],[-67.327,68.181],[-67.387,68.146],[-67.598,68.164],[-67.396,68.124],[-67.304,68.158],[-67.274,68.244],[-67.011,68.294],[-66.93,68.262],[-66.765,68.238],[-66.842,68.163],[-66.823,68.126],[-66.965,68.063],[-66.946,68.013],[-66.836,68.095],[-66.694,68.143],[-66.67,68.128],[-66.678,68.043],[-66.735,67.982],[-66.647,68.015],[-66.594,68.143],[-66.309,68.127],[-66.366,68.083],[-66.46,68.07],[-66.24,68.073],[-66.184,68.013],[-66.32,67.978],[-66.405,67.898],[-66.398,67.868],[-66.746,67.875],[-66.406,67.829],[-66.386,67.772],[-66.338,67.9],[-66.276,67.954],[-65.947,68.04],[-65.96,68.144],[-65.911,68.158],[-65.857,68.106],[-65.902,68.08],[-65.853,68.073],[-66.032,67.952],[-65.941,67.88],[-66.009,67.803],[-66.008,67.625],[-65.936,67.765],[-65.953,67.821],[-65.804,67.863],[-65.763,67.909],[-65.817,67.968],[-65.514,67.992],[-65.443,67.992],[-65.464,67.92],[-65.613,67.78],[-65.426,67.696],[-65.356,67.594],[-65.318,67.601],[-65.369,67.702],[-65.554,67.788],[-65.486,67.82],[-65.406,67.922],[-65.201,67.954],[-65.141,67.99],[-65.169,68.027],[-65.11,68.015],[-65.001,68.055],[-64.713,67.981],[-64.847,67.934],[-65.066,67.931],[-64.942,67.912],[-65.048,67.844],[-65.113,67.857],[-65.139,67.79],[-65.048,67.825],[-65.008,67.785],[-65.158,67.729],[-65.2,67.643],[-65.162,67.638],[-65.129,67.715],[-64.919,67.79],[-64.81,67.777],[-64.816,67.71],[-64.862,67.691],[-64.82,67.688],[-64.768,67.709],[-64.75,67.822],[-64.568,67.819],[-64.459,67.789],[-64.458,67.759],[-64.363,67.754],[-64.401,67.707],[-64.578,67.696],[-64.639,67.66],[-64.379,67.698],[-64.305,67.733],[-64.204,67.664],[-64.219,67.631],[-64.285,67.618],[-64.089,67.62],[-64.068,67.599],[-64.105,67.549],[-64.039,67.533],[-64.238,67.467],[-64.44,67.474],[-63.993,67.449],[-63.939,67.364],[-64.0,67.326],[-63.908,67.31],[-63.923,67.293],[-64.797,67.356],[-64.231,67.293],[-64.356,67.25],[-64.55,67.256],[-64.779,67.218],[-64.816,67.206],[-64.783,67.19],[-64.581,67.234],[-63.962,67.272],[-64.021,67.208],[-64.162,67.214],[-64.611,67.132],[-64.689,67.083],[-64.696,67.003],[-64.628,67.012],[-64.604,67.088],[-64.506,67.129],[-63.971,67.182],[-63.889,67.234],[-63.788,67.239],[-63.751,67.212],[-63.561,67.236],[-63.45,67.222],[-63.453,67.169],[-63.529,67.104],[-63.744,67.041],[-63.806,66.995],[-63.772,66.958],[-63.75,67.017],[-63.535,67.07],[-63.402,67.144],[-63.42,67.2],[-63.332,67.281],[-63.215,67.3],[-63.293,67.246],[-63.255,67.246],[-63.172,67.278],[-63.205,67.319],[-63.11,67.329],[-62.997,67.281],[-62.97,67.221],[-63.044,67.167],[-63.284,67.105],[-63.22,67.016],[-63.24,66.961],[-63.526,66.909],[-63.565,66.892],[-63.571,66.837],[-63.821,66.815],[-63.539,66.814],[-63.478,66.835],[-63.496,66.88],[-63.441,66.908],[-63.407,66.814],[-63.453,66.711],[-63.42,66.698],[-63.32,66.814],[-63.348,66.89],[-62.846,66.961],[-62.82,66.813],[-62.899,66.636],[-62.835,66.666],[-62.831,66.713],[-62.734,66.79],[-62.774,66.84],[-62.743,66.941],[-62.568,66.944],[-62.509,66.901],[-62.5,66.842],[-62.413,66.818],[-62.313,66.726],[-62.292,66.761],[-62.424,66.847],[-62.427,66.921],[-62.261,66.948],[-62.294,67.021],[-62.262,67.045],[-62.054,67.049],[-62.005,67.035],[-62.102,66.913],[-62.018,66.901],[-61.938,66.969],[-61.838,66.968],[-61.851,66.933],[-61.749,66.948],[-61.73,66.923],[-61.77,66.897],[-61.965,66.897],[-62.008,66.867],[-61.612,66.87],[-61.652,66.829],[-61.726,66.823],[-61.457,66.776],[-61.462,66.751],[-61.289,66.669],[-61.262,66.629],[-61.282,66.616]]],[[[-67.544,82.962],[-67.196,82.936],[-67.041,82.959],[-66.939,82.95],[-66.978,82.933],[-66.957,82.926],[-66.779,82.951],[-66.33,82.933],[-66.391,82.916],[-66.341,82.905],[-66.369,82.888],[-66.876,82.807],[-68.356,82.688],[-68.642,82.628],[-67.47,82.652],[-66.9,82.719],[-66.662,82.709],[-66.636,82.72],[-66.677,82.733],[-66.638,82.748],[-65.767,82.843],[-65.467,82.833],[-65.511,82.786],[-65.164,82.763],[-65.353,82.797],[-65.102,82.848],[-65.307,82.865],[-64.835,82.906],[-64.664,82.89],[-64.923,82.864],[-64.723,82.856],[-64.737,82.822],[-64.445,82.761],[-64.103,82.831],[-63.389,82.804],[-63.382,82.767],[-63.51,82.732],[-63.85,82.715],[-63.651,82.714],[-63.54,82.694],[-63.557,82.673],[-63.254,82.65],[-63.226,82.64],[-63.255,82.627],[-63.376,82.619],[-63.347,82.604],[-62.926,82.576],[-63.053,82.543],[-63.076,82.486],[-63.116,82.474],[-63.089,82.466],[-63.369,82.438],[-63.015,82.459],[-62.902,82.51],[-62.774,82.483],[-62.727,82.488],[-62.756,82.513],[-62.506,82.526],[-62.171,82.525],[-62.322,82.511],[-62.352,82.481],[-62.228,82.506],[-61.608,82.48],[-61.131,82.377],[-61.078,82.301],[-61.193,82.223],[-61.463,82.172],[-62.023,82.135],[-61.869,82.106],[-62.254,82.019],[-62.499,82.016],[-62.507,81.983],[-63.611,81.855],[-63.761,81.811],[-64.053,81.789],[-64.325,81.824],[-64.118,81.764],[-64.372,81.72],[-65.355,81.761],[-65.349,81.733],[-65.631,81.702],[-66.038,81.692],[-65.352,81.691],[-65.789,81.632],[-66.024,81.653],[-66.172,81.618],[-67.559,81.599],[-68.156,81.561],[-69.291,81.718],[-68.37,81.553],[-68.856,81.547],[-68.579,81.514],[-67.107,81.564],[-66.608,81.512],[-68.618,81.29],[-69.028,81.258],[-69.426,81.269],[-69.463,81.253],[-69.312,81.24],[-69.541,81.212],[-70.206,81.179],[-69.638,81.177],[-69.995,81.099],[-69.43,81.187],[-65.724,81.493],[-64.566,81.545],[-64.45,81.496],[-64.436,81.479],[-64.508,81.441],[-64.735,81.374],[-65.441,81.256],[-66.01,81.22],[-66.685,81.035],[-67.208,80.941],[-67.591,80.933],[-67.53,80.897],[-67.634,80.86],[-68.247,80.755],[-68.958,80.617],[-68.893,80.59],[-69.146,80.529],[-69.317,80.412],[-69.596,80.361],[-70.284,80.351],[-70.31,80.363],[-70.22,80.416],[-70.314,80.464],[-70.812,80.562],[-70.371,80.409],[-70.458,80.381],[-70.448,80.34],[-69.96,80.256],[-70.178,80.189],[-70.744,80.205],[-71.694,80.11],[-71.953,80.18],[-72.4,80.218],[-71.895,80.114],[-72.391,80.085],[-72.322,80.077],[-72.34,80.059],[-71.489,80.068],[-70.762,80.133],[-70.507,80.099],[-70.495,80.05],[-70.646,80.031],[-70.719,79.986],[-71.416,79.93],[-71.46,79.901],[-71.415,79.886],[-71.109,79.915],[-70.91,79.885],[-71.005,79.819],[-71.136,79.784],[-72.267,79.659],[-72.932,79.706],[-72.948,79.743],[-73.062,79.799],[-72.902,79.815],[-72.991,79.819],[-73.853,79.829],[-73.746,79.854],[-74.117,79.888],[-74.846,79.847],[-74.683,79.789],[-74.309,79.803],[-73.348,79.766],[-73.384,79.748],[-73.366,79.718],[-73.174,79.651],[-73.159,79.612],[-73.184,79.591],[-73.125,79.558],[-73.353,79.505],[-73.758,79.5],[-73.965,79.554],[-74.001,79.545],[-73.949,79.493],[-73.983,79.455],[-74.198,79.436],[-74.673,79.444],[-74.964,79.513],[-75.059,79.483],[-74.883,79.408],[-75.058,79.373],[-75.531,79.392],[-75.658,79.429],[-75.706,79.406],[-75.803,79.419],[-75.817,79.448],[-75.957,79.426],[-76.261,79.497],[-76.905,79.509],[-77.142,79.547],[-77.191,79.511],[-77.134,79.49],[-76.179,79.459],[-76.138,79.441],[-76.208,79.429],[-76.157,79.391],[-75.889,79.348],[-76.869,79.349],[-77.076,79.398],[-77.139,79.464],[-77.397,79.447],[-77.163,79.324],[-77.922,79.366],[-78.051,79.354],[-78.021,79.339],[-77.322,79.267],[-77.488,79.244],[-76.754,79.279],[-76.136,79.268],[-75.938,79.23],[-74.496,79.224],[-74.826,79.174],[-74.617,79.151],[-74.664,79.134],[-74.436,79.057],[-74.725,79.022],[-75.655,79.068],[-75.885,79.097],[-75.857,79.152],[-76.098,79.199],[-78.158,79.189],[-78.228,79.16],[-77.912,79.179],[-76.706,79.153],[-76.081,79.099],[-76.17,79.075],[-77.073,79.07],[-77.495,79.017],[-77.799,79.066],[-78.351,79.086],[-78.891,79.063],[-77.829,79.048],[-77.708,79.013],[-77.954,78.958],[-78.289,78.799],[-78.248,78.77],[-77.711,78.966],[-76.754,79.027],[-75.72,78.965],[-75.825,78.926],[-76.315,78.896],[-76.446,78.863],[-76.44,78.839],[-76.204,78.881],[-75.316,78.892],[-74.911,78.85],[-74.876,78.817],[-74.76,78.823],[-74.907,78.784],[-74.761,78.773],[-74.831,78.743],[-74.719,78.707],[-74.843,78.693],[-74.869,78.668],[-74.832,78.651],[-74.871,78.638],[-74.633,78.587],[-74.789,78.591],[-75.048,78.528],[-75.479,78.509],[-75.888,78.506],[-76.437,78.548],[-76.684,78.522],[-76.261,78.513],[-76.057,78.461],[-75.443,78.43],[-75.089,78.368],[-75.031,78.331],[-75.358,78.301],[-75.479,78.222],[-75.613,78.198],[-76.157,78.24],[-76.855,78.227],[-76.908,78.195],[-76.664,78.166],[-75.581,78.115],[-75.599,78.083],[-75.922,77.956],[-76.214,78.015],[-76.49,77.967],[-76.931,77.901],[-77.21,77.949],[-77.9,77.94],[-78.26,77.995],[-78.271,77.975],[-78.183,77.963],[-78.419,77.898],[-77.958,77.802],[-77.94,77.759],[-78.051,77.729],[-77.981,77.701],[-78.081,77.673],[-77.92,77.669],[-77.723,77.599],[-77.98,77.554],[-77.948,77.501],[-78.278,77.429],[-78.231,77.397],[-78.256,77.381],[-78.777,77.307],[-78.839,77.31],[-78.726,77.367],[-78.764,77.38],[-79.207,77.288],[-79.712,77.318],[-80.042,77.272],[-80.753,77.33],[-81.277,77.424],[-81.37,77.475],[-81.573,77.512],[-81.575,77.545],[-81.672,77.57],[-81.62,77.586],[-81.839,77.625],[-81.847,77.665],[-81.928,77.685],[-81.949,77.644],[-81.911,77.609],[-81.67,77.531],[-81.67,77.496],[-81.748,77.448],[-81.728,77.429],[-81.484,77.372],[-81.203,77.37],[-81.165,77.337],[-81.828,77.285],[-82.091,77.316],[-82.194,77.299],[-81.904,77.248],[-81.882,77.214],[-81.902,77.187],[-81.786,77.157],[-81.076,77.283],[-80.116,77.201],[-80.401,77.086],[-80.373,77.071],[-80.013,77.19],[-79.725,77.239],[-79.254,77.218],[-79.041,77.161],[-79.063,77.131],[-79.004,77.096],[-79.365,76.963],[-79.386,76.927],[-78.886,76.926],[-78.964,76.841],[-78.721,76.821],[-78.698,76.839],[-78.72,76.878],[-78.567,76.887],[-78.553,76.938],[-78.398,76.963],[-78.413,76.984],[-78.384,76.999],[-78.07,77.014],[-77.886,76.947],[-77.908,76.913],[-77.835,76.886],[-77.881,76.857],[-77.715,76.821],[-77.789,76.781],[-77.763,76.729],[-77.813,76.681],[-77.769,76.658],[-78.089,76.609],[-78.186,76.559],[-78.138,76.525],[-78.346,76.5],[-78.377,76.458],[-78.614,76.489],[-78.588,76.513],[-78.613,76.547],[-78.565,76.563],[-78.79,76.571],[-78.835,76.542],[-78.994,76.424],[-79.189,76.405],[-79.178,76.38],[-79.261,76.352],[-79.272,76.304],[-79.573,76.311],[-80.087,76.223],[-80.293,76.235],[-80.672,76.158],[-80.865,76.169],[-81.075,76.129],[-81.076,76.158],[-80.953,76.191],[-81.095,76.212],[-80.783,76.374],[-80.771,76.419],[-80.991,76.483],[-81.218,76.498],[-81.178,76.53],[-81.208,76.553],[-81.492,76.469],[-82.039,76.509],[-82.083,76.523],[-81.981,76.584],[-82.056,76.609],[-81.785,76.685],[-82.081,76.631],[-82.292,76.635],[-82.442,76.684],[-82.58,76.776],[-82.749,76.818],[-82.556,76.723],[-82.562,76.688],[-82.46,76.636],[-82.081,76.561],[-82.222,76.532],[-82.127,76.441],[-82.179,76.416],[-82.799,76.387],[-83.099,76.463],[-83.061,76.497],[-83.11,76.579],[-83.388,76.671],[-83.404,76.719],[-83.355,76.752],[-83.379,76.758],[-83.523,76.7],[-83.246,76.572],[-83.239,76.517],[-83.183,76.496],[-83.239,76.463],[-83.184,76.424],[-83.223,76.41],[-83.71,76.433],[-83.756,76.468],[-84.033,76.534],[-84.086,76.624],[-84.284,76.657],[-84.33,76.647],[-84.193,76.609],[-84.249,76.536],[-84.18,76.484],[-84.236,76.443],[-84.636,76.434],[-84.783,76.469],[-84.795,76.503],[-84.95,76.577],[-85.028,76.574],[-85.051,76.514],[-84.96,76.42],[-84.397,76.33],[-84.381,76.311],[-84.429,76.303],[-85.194,76.281],[-85.262,76.31],[-85.434,76.304],[-85.735,76.355],[-86.372,76.386],[-86.412,76.407],[-86.418,76.469],[-86.211,76.535],[-86.63,76.635],[-86.301,76.524],[-86.655,76.467],[-86.632,76.441],[-86.716,76.346],[-87.13,76.384],[-87.154,76.394],[-87.118,76.42],[-87.14,76.437],[-87.423,76.456],[-87.394,76.503],[-87.5,76.535],[-87.462,76.586],[-87.536,76.617],[-87.58,76.611],[-87.566,76.575],[-87.598,76.54],[-87.493,76.503],[-87.553,76.451],[-87.429,76.417],[-87.498,76.382],[-87.416,76.348],[-87.547,76.37],[-87.591,76.341],[-87.742,76.346],[-87.816,76.411],[-87.948,76.357],[-88.351,76.384],[-88.434,76.402],[-88.36,76.431],[-88.438,76.464],[-88.355,76.481],[-88.349,76.514],[-88.524,76.624],[-88.478,76.656],[-88.559,76.727],[-88.476,76.783],[-88.518,76.816],[-88.704,76.71],[-88.584,76.635],[-88.66,76.599],[-88.556,76.589],[-88.495,76.552],[-88.515,76.523],[-88.489,76.503],[-88.611,76.452],[-88.608,76.399],[-88.677,76.401],[-88.693,76.42],[-88.658,76.475],[-88.61,76.482],[-88.682,76.525],[-88.644,76.565],[-88.733,76.593],[-88.796,76.55],[-88.775,76.524],[-88.832,76.498],[-88.781,76.466],[-88.827,76.44],[-88.921,76.405],[-89.033,76.418],[-89.045,76.447],[-89.213,76.429],[-89.43,76.497],[-89.403,76.524],[-89.441,76.565],[-89.541,76.541],[-89.676,76.567],[-89.603,76.621],[-89.411,76.68],[-89.456,76.713],[-89.388,76.729],[-89.468,76.753],[-89.533,76.853],[-88.986,76.954],[-88.995,76.984],[-88.74,77.002],[-88.464,77.065],[-88.393,77.096],[-88.545,77.1],[-88.426,77.12],[-87.69,77.135],[-87.617,77.094],[-87.349,77.106],[-87.46,77.125],[-87.356,77.175],[-87.069,77.182],[-86.804,77.127],[-86.889,77.164],[-86.614,77.18],[-87.21,77.205],[-87.166,77.233],[-86.91,77.26],[-87.012,77.274],[-87.183,77.273],[-87.248,77.303],[-86.851,77.36],[-87.391,77.33],[-87.711,77.359],[-87.698,77.39],[-87.784,77.429],[-87.642,77.48],[-87.694,77.537],[-88.214,77.65],[-88.15,77.725],[-88.162,77.758],[-88.232,77.768],[-88.103,77.813],[-88.223,77.855],[-88.01,77.819],[-87.231,77.898],[-86.422,77.83],[-85.975,77.705],[-85.833,77.579],[-85.808,77.506],[-85.718,77.472],[-85.794,77.419],[-85.503,77.474],[-85.481,77.459],[-85.535,77.441],[-85.399,77.395],[-84.973,77.377],[-84.529,77.295],[-84.463,77.3],[-84.615,77.383],[-84.55,77.401],[-84.005,77.397],[-83.464,77.348],[-83.494,77.376],[-83.448,77.389],[-83.711,77.404],[-83.835,77.455],[-83.426,77.499],[-83.18,77.592],[-82.817,77.759],[-82.783,77.782],[-82.796,77.805],[-82.674,77.836],[-82.637,77.893],[-82.547,77.915],[-82.577,77.943],[-82.513,77.956],[-82.591,78.017],[-82.377,78.035],[-82.318,78.07],[-82.549,78.071],[-82.78,78.014],[-82.785,77.969],[-82.736,77.924],[-82.949,77.874],[-82.989,77.824],[-83.111,77.789],[-83.192,77.71],[-83.427,77.6],[-83.873,77.493],[-84.858,77.542],[-84.866,77.574],[-84.441,77.706],[-84.431,77.726],[-84.489,77.746],[-84.486,77.711],[-84.533,77.684],[-84.952,77.601],[-85.298,77.66],[-85.27,77.708],[-85.348,77.728],[-85.205,77.757],[-85.182,77.795],[-85.029,77.799],[-84.955,77.835],[-85.297,77.797],[-85.4,77.813],[-85.389,77.841],[-85.207,77.883],[-84.848,77.891],[-84.894,77.833],[-84.664,77.902],[-84.313,77.891],[-84.634,77.926],[-85.474,77.868],[-85.515,77.883],[-85.486,77.909],[-85.678,77.929],[-85.065,78.056],[-84.761,78.023],[-84.547,78.071],[-84.431,78.07],[-84.288,78.075],[-84.511,78.085],[-84.587,78.077],[-84.881,78.059],[-85.094,78.097],[-85.008,78.137],[-84.995,78.163],[-85.033,78.171],[-84.631,78.199],[-84.201,78.156],[-84.026,78.176],[-84.506,78.217],[-84.951,78.195],[-84.973,78.208],[-84.956,78.232],[-84.834,78.314],[-84.572,78.35],[-84.772,78.342],[-84.866,78.369],[-84.845,78.382],[-84.765,78.477],[-84.782,78.505],[-84.619,78.588],[-84.675,78.588],[-84.978,78.414],[-84.952,78.396],[-84.961,78.343],[-85.045,78.309],[-85.024,78.284],[-85.508,78.099],[-86.148,78.054],[-86.288,78.076],[-86.23,78.136],[-86.251,78.156],[-86.113,78.17],[-85.931,78.236],[-85.878,78.288],[-85.899,78.303],[-85.835,78.332],[-85.833,78.379],[-86.052,78.297],[-86.073,78.248],[-86.285,78.193],[-86.497,78.215],[-86.736,78.118],[-87.109,78.103],[-87.529,78.132],[-87.407,78.183],[-87.087,78.206],[-87.513,78.224],[-87.491,78.285],[-87.517,78.426],[-87.14,78.55],[-86.858,78.547],[-86.877,78.573],[-87.122,78.587],[-86.976,78.648],[-86.934,78.709],[-86.638,78.799],[-85.646,78.848],[-85.064,78.919],[-84.712,78.867],[-83.746,78.836],[-83.165,78.729],[-82.822,78.695],[-82.61,78.611],[-82.308,78.568],[-82.235,78.595],[-82.594,78.703],[-82.231,78.736],[-82.781,78.731],[-83.21,78.798],[-83.254,78.834],[-83.056,78.856],[-82.429,78.833],[-81.947,78.865],[-81.712,78.839],[-81.656,78.888],[-81.755,78.918],[-81.698,78.973],[-81.486,79.052],[-81.91,79.004],[-82.11,78.913],[-82.503,78.882],[-82.924,78.934],[-84.259,78.959],[-84.766,79.037],[-84.783,79.074],[-84.528,79.143],[-84.135,79.121],[-83.896,79.038],[-83.474,79.024],[-83.358,79.05],[-83.546,79.042],[-83.995,79.133],[-84.029,79.156],[-83.939,79.185],[-83.956,79.221],[-84.158,79.183],[-84.326,79.188],[-84.335,79.252],[-84.428,79.29],[-84.484,79.406],[-84.882,79.486],[-84.969,79.537],[-84.969,79.566],[-85.047,79.587],[-85.022,79.611],[-85.05,79.621],[-85.493,79.7],[-85.9,79.7],[-86.486,79.763],[-86.485,79.816],[-86.379,79.821],[-86.454,79.847],[-86.471,79.89],[-86.436,79.942],[-86.367,79.962],[-85.585,79.938],[-85.365,79.896],[-85.254,79.92],[-86.482,80.008],[-86.579,80.043],[-86.659,80.128],[-86.548,80.205],[-86.514,80.299],[-86.468,80.308],[-85.897,80.333],[-85.29,80.268],[-83.781,80.245],[-82.153,79.858],[-81.969,79.752],[-81.978,79.718],[-81.671,79.687],[-81.687,79.645],[-81.618,79.618],[-81.785,79.614],[-81.706,79.586],[-81.424,79.636],[-80.598,79.566],[-80.641,79.588],[-80.598,79.601],[-79.904,79.646],[-79.751,79.701],[-80.432,79.677],[-80.827,79.648],[-81.227,79.709],[-81.525,79.714],[-81.509,79.75],[-81.629,79.764],[-81.567,79.814],[-81.663,79.903],[-81.4,79.937],[-82.168,80.013],[-83.203,80.318],[-82.031,80.398],[-80.367,80.462],[-80.294,80.486],[-80.357,80.501],[-80.153,80.526],[-78.063,80.564],[-78.03,80.596],[-78.416,80.608],[-79.96,80.614],[-78.585,80.772],[-77.639,80.83],[-76.511,80.854],[-76.49,80.874],[-76.621,80.9],[-77.168,80.886],[-77.548,80.913],[-78.869,80.852],[-78.934,80.875],[-78.858,80.924],[-78.928,80.99],[-78.501,81.091],[-78.393,81.142],[-78.463,81.16],[-78.159,81.193],[-77.612,81.318],[-76.955,81.393],[-76.777,81.444],[-78.228,81.291],[-78.675,81.191],[-78.754,81.135],[-78.69,81.119],[-78.817,81.106],[-78.941,81.101],[-79.501,81.193],[-79.088,81.094],[-79.255,81.058],[-79.343,80.998],[-79.165,80.966],[-79.265,80.924],[-79.418,80.916],[-79.435,80.881],[-79.618,80.819],[-80.919,80.655],[-82.353,80.556],[-83.096,80.541],[-83.165,80.551],[-83.168,80.576],[-83.078,80.644],[-82.216,80.719],[-81.758,80.813],[-81.996,80.83],[-82.567,80.74],[-83.356,80.685],[-83.541,80.704],[-83.53,80.724],[-83.569,80.739],[-83.133,80.818],[-83.256,80.838],[-83.667,80.75],[-83.863,80.757],[-83.775,80.739],[-83.836,80.719],[-83.72,80.636],[-83.84,80.545],[-85.066,80.505],[-85.864,80.535],[-85.564,80.619],[-86.08,80.528],[-86.739,80.597],[-86.514,80.729],[-85.774,80.948],[-84.991,81.04],[-84.769,81.027],[-82.826,81.123],[-82.364,81.179],[-85.608,81.054],[-86.309,80.94],[-87.076,80.722],[-87.215,80.638],[-87.458,80.627],[-88.406,80.716],[-89.334,80.857],[-89.462,80.919],[-88.59,80.996],[-87.446,80.976],[-86.671,81.005],[-86.061,81.082],[-85.838,81.075],[-85.914,81.1],[-85.887,81.118],[-84.745,81.289],[-85.279,81.289],[-86.077,81.207],[-86.438,81.126],[-87.379,81.07],[-88.339,81.069],[-89.629,81.009],[-90,81.032],[-90.197,81.069],[-90.351,81.167],[-90,81.242],[-89.491,81.206],[-88.944,81.244],[-89.335,81.242],[-89.952,81.329],[-89.026,81.459],[-88.823,81.453],[-88.928,81.485],[-88.715,81.513],[-87.984,81.535],[-87.914,81.509],[-87.244,81.49],[-88.306,81.581],[-88.998,81.54],[-90,81.417],[-90.443,81.366],[-90.553,81.384],[-90.487,81.398],[-90.856,81.444],[-89.586,81.621],[-90.091,81.623],[-90.033,81.646],[-90.296,81.698],[-90.36,81.685],[-90.292,81.641],[-90.718,81.666],[-90.991,81.616],[-91.006,81.598],[-90.964,81.562],[-91.071,81.537],[-91.144,81.555],[-91.446,81.524],[-91.406,81.547],[-91.444,81.583],[-91.9,81.616],[-91.95,81.637],[-91.863,81.642],[-91.956,81.658],[-91.77,81.663],[-91.809,81.674],[-91.737,81.686],[-91.726,81.726],[-91.485,81.769],[-91.034,81.763],[-91.152,81.798],[-91.051,81.828],[-90.338,81.893],[-90,81.899],[-89.7,81.915],[-89.741,81.894],[-89.629,81.856],[-89.332,81.805],[-89.349,81.823],[-89.146,81.89],[-89.397,81.909],[-89.419,81.915],[-89.397,81.93],[-89.007,81.915],[-88.986,81.944],[-89.054,81.987],[-89.021,81.998],[-88.075,82.104],[-87.352,82.067],[-87.174,82.014],[-87.309,81.967],[-86.768,81.89],[-86.734,81.902],[-86.834,81.927],[-87.13,81.968],[-86.842,81.987],[-87.009,82.03],[-86.791,82.058],[-86.169,82.041],[-85.422,81.857],[-85.371,81.859],[-85.398,81.881],[-85.731,81.983],[-85.559,82.001],[-85.188,81.992],[-85.018,81.919],[-84.793,81.881],[-85.066,81.987],[-84.889,81.99],[-84.816,81.97],[-84.811,81.927],[-84.635,81.886],[-84.605,81.889],[-84.693,81.921],[-84.729,81.977],[-84.932,82.019],[-86.637,82.124],[-86.876,82.202],[-85.662,82.239],[-85.37,82.279],[-85.489,82.319],[-85.42,82.344],[-85.537,82.345],[-85.515,82.403],[-85.911,82.435],[-85.046,82.481],[-84.641,82.465],[-84.631,82.44],[-84.943,82.425],[-84.449,82.386],[-84.344,82.352],[-83.961,82.368],[-83.516,82.316],[-83.368,82.276],[-83.344,82.227],[-82.976,82.138],[-82.968,82.098],[-83.111,82.065],[-82.284,82.066],[-81.878,82.036],[-82.02,82.082],[-82.676,82.107],[-82.731,82.149],[-83.011,82.221],[-83.028,82.276],[-82.654,82.282],[-81.918,82.154],[-80.64,82.018],[-80.571,81.989],[-80.085,81.973],[-79.564,81.825],[-79.229,81.816],[-79.67,81.927],[-79.71,81.961],[-79.921,81.984],[-79.853,82.018],[-80.791,82.079],[-80.975,82.123],[-80.868,82.154],[-81.624,82.199],[-82.679,82.37],[-82.728,82.408],[-82.498,82.506],[-81.475,82.498],[-81.966,82.528],[-82.343,82.595],[-82.394,82.617],[-82.371,82.639],[-81.972,82.666],[-81.359,82.62],[-80.891,82.532],[-80.581,82.543],[-81.138,82.703],[-81.508,82.764],[-81.585,82.8],[-81.411,82.827],[-80.381,82.788],[-80.138,82.719],[-80.182,82.694],[-80.16,82.681],[-79.861,82.644],[-79.822,82.657],[-79.983,82.689],[-79.885,82.708],[-79.203,82.666],[-78.521,82.676],[-79.623,82.727],[-79.886,82.759],[-79.996,82.803],[-79.673,82.824],[-80.158,82.835],[-80.393,82.875],[-80.429,82.894],[-80.145,82.933],[-79.458,82.974],[-79.177,82.951],[-79.218,82.933],[-79.042,82.872],[-78.671,82.945],[-78.503,82.913],[-78.557,82.86],[-78.534,82.847],[-78.406,82.873],[-78.144,82.823],[-78.106,82.831],[-78.238,82.865],[-78.016,82.857],[-78.108,82.893],[-77.813,82.924],[-77.128,82.863],[-76.927,82.79],[-76.959,82.774],[-76.766,82.75],[-76.57,82.666],[-75.892,82.591],[-76.207,82.506],[-76.261,82.466],[-76.23,82.444],[-75.671,82.586],[-75.396,82.614],[-76.235,82.712],[-76.309,82.752],[-75.976,82.784],[-76.447,82.797],[-76.752,82.894],[-77.344,82.972],[-77.381,82.994],[-77.183,83.033],[-77.135,83.011],[-76.604,83.008],[-76.028,83.054],[-75.251,83.015],[-74.956,83.045],[-74.435,83.027],[-74.018,82.956],[-73.817,82.852],[-72.633,82.694],[-72.502,82.724],[-73.148,82.794],[-73.375,82.844],[-73.354,82.856],[-73.43,82.893],[-73.65,82.925],[-73.189,83.023],[-72.902,83.048],[-73.001,83.059],[-72.65,83.096],[-71.611,83.096],[-71.775,83.032],[-71.778,83.001],[-71.567,82.941],[-70.871,82.881],[-71.497,83.007],[-71.097,83.069],[-71.12,83.092],[-70.86,83.081],[-70.887,83.098],[-70.804,83.104],[-69.665,83.108],[-69.73,83.09],[-69.664,83.07],[-69.775,83.047],[-69.451,83.035],[-69.647,82.992],[-69.015,83.04],[-68.975,83.028],[-68.98,82.982],[-68.466,83.008],[-68.154,82.991],[-68.188,82.946],[-68.145,82.934],[-67.544,82.962]]],[[[-96.742,76.982],[-96.471,76.954],[-96.369,76.99],[-96.253,76.987],[-96.387,77.03],[-95.734,77.068],[-95.417,77.056],[-94.944,76.975],[-94.526,76.969],[-94.447,76.916],[-94.238,76.889],[-94.081,76.89],[-93.943,76.933],[-93.658,76.909],[-93.584,76.856],[-93.295,76.781],[-93.263,76.744],[-93.179,76.741],[-93.174,76.674],[-93.26,76.63],[-93.306,76.546],[-93.651,76.441],[-93.548,76.386],[-93.459,76.408],[-93.576,76.426],[-93.357,76.47],[-93.123,76.573],[-93.095,76.59],[-93.108,76.616],[-92.368,76.594],[-91.938,76.668],[-91.41,76.689],[-90.986,76.649],[-90.817,76.593],[-90.582,76.565],[-90.503,76.531],[-90.528,76.499],[-90.468,76.473],[-90.779,76.461],[-90.986,76.511],[-91.09,76.478],[-91.441,76.512],[-91.566,76.498],[-91.416,76.46],[-90,76.36],[-89.305,76.299],[-89.192,76.242],[-89.349,76.183],[-90,76.173],[-90.453,76.17],[-90.11,76.124],[-91.149,76.192],[-91.613,76.262],[-91.257,76.204],[-91.385,76.142],[-91.22,76.161],[-90.679,76.117],[-90.848,76.06],[-90.548,76.091],[-90.19,76.061],[-90.301,76.032],[-91.16,76.018],[-90.937,76.0],[-91.074,75.986],[-90.938,75.951],[-91.129,75.908],[-91.129,75.839],[-91.079,75.848],[-91.058,75.896],[-90.895,75.927],[-90.793,75.994],[-90.681,75.981],[-90.718,75.955],[-90.433,75.97],[-90.526,75.93],[-90.529,75.898],[-90.504,75.895],[-90.339,75.968],[-90.118,75.931],[-90.06,76.004],[-90,76.009],[-89.687,75.899],[-89.778,75.831],[-89.775,75.787],[-89.555,75.839],[-89.62,75.853],[-89.587,75.859],[-89.164,75.774],[-89.253,75.631],[-89.658,75.619],[-89.765,75.575],[-89.542,75.57],[-89.7,75.553],[-89.217,75.584],[-89.099,75.484],[-88.98,75.471],[-88.963,75.431],[-88.779,75.432],[-88.75,75.474],[-88.902,75.604],[-88.771,75.628],[-88.738,75.679],[-88.203,75.531],[-88.305,75.492],[-88.263,75.476],[-87.997,75.528],[-87.748,75.578],[-87.661,75.567],[-87.624,75.516],[-87.495,75.485],[-87.606,75.449],[-87.533,75.446],[-87.416,75.485],[-87.513,75.559],[-87.251,75.621],[-86.807,75.479],[-86.583,75.474],[-86.375,75.427],[-86.596,75.361],[-86.169,75.418],[-85.527,75.401],[-85.822,75.43],[-86.143,75.508],[-85.539,75.599],[-85.567,75.576],[-85.537,75.564],[-85.232,75.558],[-85.321,75.574],[-85.292,75.596],[-85.04,75.631],[-85.011,75.644],[-85.074,75.651],[-85.039,75.657],[-84.497,75.631],[-84.651,75.643],[-84.634,75.663],[-84.663,75.686],[-84.299,75.702],[-84.194,75.762],[-84.022,75.767],[-83.92,75.803],[-84.002,75.82],[-83.74,75.824],[-83.698,75.814],[-83.736,75.795],[-83.515,75.789],[-83.433,75.75],[-83.099,75.732],[-82.664,75.811],[-82.327,75.836],[-81.118,75.775],[-81.101,75.752],[-81.22,75.704],[-81.271,75.651],[-80.316,75.63],[-80.068,75.578],[-80.082,75.542],[-79.953,75.54],[-80.132,75.502],[-80.355,75.473],[-80.373,75.463],[-80.338,75.456],[-79.929,75.479],[-79.586,75.454],[-79.682,75.43],[-79.488,75.362],[-79.611,75.298],[-79.442,75.277],[-79.629,75.174],[-79.831,75.17],[-79.944,75.136],[-79.974,75.089],[-80.44,75.038],[-80.173,74.982],[-80.266,74.946],[-80.035,74.957],[-79.975,74.999],[-79.795,75.027],[-79.613,75.019],[-79.504,74.998],[-79.551,74.981],[-79.335,74.889],[-79.93,74.813],[-80.171,74.86],[-80.142,74.898],[-80.182,74.937],[-80.21,74.931],[-80.199,74.886],[-80.253,74.87],[-80.321,74.937],[-80.416,74.888],[-80.097,74.82],[-80.108,74.783],[-80.246,74.757],[-80.13,74.715],[-80.212,74.69],[-80.173,74.655],[-80.196,74.641],[-80.146,74.626],[-80.248,74.576],[-81.219,74.571],[-81.81,74.456],[-82.456,74.517],[-82.382,74.541],[-82.435,74.57],[-82.479,74.536],[-82.615,74.511],[-82.914,74.549],[-83.079,74.63],[-83.123,74.684],[-83.107,74.748],[-83.023,74.78],[-83.081,74.788],[-83.081,74.818],[-83.248,74.823],[-83.528,74.901],[-83.56,74.887],[-83.518,74.839],[-83.319,74.767],[-83.441,74.66],[-83.454,74.591],[-83.611,74.54],[-84.899,74.503],[-84.983,74.57],[-84.995,74.643],[-84.95,74.672],[-84.99,74.698],[-85.072,74.641],[-85.041,74.617],[-85.043,74.523],[-85.259,74.49],[-85.363,74.501],[-85.37,74.552],[-85.527,74.688],[-85.551,74.66],[-85.48,74.537],[-85.58,74.498],[-86.12,74.482],[-86.082,74.555],[-86.197,74.615],[-86.24,74.596],[-86.244,74.523],[-86.423,74.478],[-86.691,74.544],[-86.785,74.616],[-86.794,74.539],[-86.604,74.468],[-86.943,74.461],[-87.008,74.508],[-87.037,74.474],[-87.111,74.468],[-87.32,74.476],[-87.373,74.519],[-87.309,74.545],[-87.574,74.461],[-87.732,74.466],[-87.768,74.514],[-87.903,74.472],[-88.093,74.48],[-88.133,74.507],[-88.216,74.482],[-88.535,74.503],[-88.571,74.549],[-88.56,74.593],[-88.434,74.696],[-88.405,74.748],[-88.431,74.762],[-88.293,74.772],[-88.487,74.791],[-88.443,74.838],[-88.547,74.907],[-88.579,74.889],[-88.547,74.843],[-88.615,74.815],[-88.618,74.846],[-88.664,74.844],[-88.749,74.777],[-88.753,74.714],[-88.835,74.661],[-88.889,74.67],[-88.909,74.777],[-89.088,74.837],[-89.011,74.78],[-89.047,74.722],[-89.271,74.754],[-89.095,74.688],[-89.125,74.616],[-89.185,74.587],[-89.928,74.53],[-90,74.586],[-90.106,74.549],[-90.363,74.594],[-90.317,74.626],[-90.589,74.613],[-90.731,74.664],[-90.761,74.714],[-90.721,74.732],[-90.845,74.721],[-90.895,74.681],[-91.024,74.702],[-90.758,74.831],[-90.74,74.847],[-90.772,74.884],[-90.853,74.875],[-91.101,74.751],[-91.225,74.733],[-91.106,74.625],[-91.281,74.633],[-91.301,74.656],[-91.277,74.688],[-91.314,74.716],[-91.366,74.704],[-91.331,74.672],[-91.381,74.641],[-91.676,74.671],[-91.62,74.704],[-91.708,74.727],[-91.851,74.698],[-91.875,74.711],[-91.812,74.734],[-92.045,74.789],[-92.066,74.813],[-92.013,74.851],[-92.015,74.913],[-92.075,74.933],[-92.048,74.958],[-92.223,75.029],[-92.198,75.052],[-92.228,75.071],[-92.029,75.086],[-92.01,75.101],[-92.112,75.128],[-92.051,75.146],[-92.271,75.132],[-92.503,75.218],[-92.458,75.25],[-92.448,75.318],[-92.328,75.369],[-92.458,75.368],[-92.403,75.436],[-92.21,75.551],[-92.004,75.594],[-92.08,75.617],[-92.008,75.661],[-92.174,75.744],[-92.104,75.805],[-92.108,75.858],[-92.629,76.008],[-92.637,76.115],[-92.767,76.166],[-92.793,76.207],[-93.066,76.299],[-93.061,76.344],[-93.315,76.36],[-93.617,76.291],[-93.666,76.298],[-93.624,76.305],[-93.636,76.326],[-93.678,76.322],[-93.763,76.286],[-93.637,76.258],[-93.689,76.248],[-94.625,76.275],[-94.72,76.315],[-95.033,76.22],[-95.386,76.235],[-95.366,76.301],[-95.279,76.281],[-94.983,76.332],[-94.843,76.303],[-94.814,76.329],[-95.274,76.372],[-95.388,76.351],[-95.45,76.375],[-95.378,76.395],[-95.831,76.394],[-95.995,76.436],[-96.106,76.494],[-96.065,76.521],[-95.778,76.518],[-95.587,76.603],[-95.78,76.548],[-96.016,76.549],[-96.001,76.584],[-96.158,76.583],[-96.238,76.635],[-96.403,76.639],[-96.47,76.685],[-96.946,76.723],[-96.841,76.766],[-96.904,76.79],[-96.855,76.813],[-96.684,76.774],[-96.673,76.748],[-96.305,76.753],[-96.583,76.771],[-96.511,76.804],[-96.32,76.806],[-96.813,76.868],[-96.865,76.898],[-96.857,76.924],[-96.659,76.949],[-96.827,76.968],[-96.742,76.982]]],[[[-86.41,64.582],[-86.238,64.804],[-86.171,64.823],[-86.21,64.884],[-86.153,64.927],[-86.225,65.003],[-86.138,65.094],[-86.171,65.278],[-86.093,65.361],[-86.153,65.384],[-86.097,65.529],[-86.019,65.621],[-86.013,65.709],[-85.791,65.853],[-85.542,65.933],[-85.468,65.913],[-85.52,65.842],[-85.493,65.795],[-85.37,65.834],[-85.156,65.776],[-85.148,65.733],[-85.187,65.721],[-85.051,65.606],[-85.311,65.537],[-85.015,65.418],[-85.012,65.322],[-84.93,65.258],[-84.924,65.209],[-84.792,65.226],[-84.745,65.351],[-84.561,65.481],[-84.432,65.453],[-84.444,65.413],[-84.384,65.388],[-84.151,65.338],[-84.23,65.269],[-84.141,65.219],[-83.889,65.19],[-83.913,65.174],[-83.876,65.162],[-83.54,65.164],[-83.408,65.135],[-83.334,65.069],[-83.33,65.021],[-83.208,64.945],[-83.022,64.913],[-82.865,64.873],[-82.8,64.808],[-82.709,64.776],[-82.542,64.739],[-82.382,64.767],[-82.202,64.713],[-82.215,64.684],[-82.092,64.684],[-81.763,64.501],[-81.753,64.355],[-81.777,64.311],[-81.6,64.202],[-81.602,64.129],[-81.955,64.061],[-81.986,63.994],[-81.461,64.034],[-81.432,64.043],[-81.442,64.086],[-81.388,64.097],[-81.398,64.072],[-81.287,64.08],[-80.931,63.991],[-80.909,64.023],[-80.975,64.057],[-80.934,64.129],[-80.777,64.079],[-80.698,64.011],[-80.522,63.978],[-80.551,63.925],[-80.492,63.905],[-80.699,63.911],[-80.663,63.883],[-80.206,63.808],[-80.171,63.771],[-80.454,63.727],[-80.587,63.635],[-80.922,63.521],[-80.958,63.458],[-81.076,63.451],[-81.535,63.58],[-81.653,63.571],[-81.768,63.638],[-81.909,63.631],[-82.052,63.689],[-82.224,63.686],[-82.257,63.659],[-82.285,63.678],[-82.328,63.65],[-82.472,63.68],[-82.546,63.764],[-82.376,63.817],[-82.361,63.905],[-82.548,63.969],[-82.873,63.982],[-83.086,63.954],[-83.145,64.001],[-82.961,64.145],[-83.019,64.188],[-83.147,64.166],[-83.191,64.118],[-83.328,64.136],[-83.394,64.104],[-83.466,64.123],[-83.548,64.102],[-83.682,64.007],[-83.604,63.928],[-83.646,63.867],[-83.595,63.825],[-83.637,63.766],[-83.75,63.776],[-84.099,63.605],[-84.282,63.628],[-84.4,63.548],[-84.477,63.383],[-84.586,63.308],[-85.224,63.12],[-85.493,63.119],[-85.589,63.174],[-85.638,63.244],[-85.653,63.408],[-85.607,63.494],[-85.628,63.556],[-85.591,63.617],[-85.613,63.669],[-85.714,63.706],[-85.71,63.767],[-85.813,63.703],[-86.245,63.639],[-86.596,63.668],[-86.879,63.555],[-87.118,63.555],[-87.217,63.622],[-87.186,63.722],[-86.934,63.906],[-86.189,64.101],[-86.212,64.178],[-86.308,64.226],[-86.291,64.256],[-86.354,64.289],[-86.384,64.364],[-86.344,64.401],[-86.4,64.431],[-86.376,64.55],[-86.41,64.582]]],[[[-94.341,81.109],[-93.516,81.065],[-93.123,81.115],[-93.179,81.135],[-93.095,81.165],[-93.243,81.191],[-93.222,81.21],[-93.928,81.203],[-94.381,81.25],[-94.37,81.284],[-94.245,81.319],[-94.278,81.341],[-94.153,81.359],[-93.754,81.344],[-93.568,81.302],[-93.483,81.319],[-93.56,81.367],[-93.517,81.384],[-92.148,81.236],[-91.8,81.153],[-91.842,81.123],[-91.783,81.083],[-91.908,81.07],[-91.538,80.981],[-91.517,80.932],[-91.144,80.814],[-91.154,80.78],[-91.121,80.754],[-90.664,80.684],[-90.593,80.64],[-90.766,80.565],[-90,80.534],[-89.751,80.464],[-89.825,80.518],[-89.783,80.532],[-89.546,80.547],[-89.245,80.517],[-89.059,80.461],[-89.257,80.396],[-89.075,80.393],[-89.131,80.359],[-89.114,80.333],[-89.256,80.298],[-89.251,80.278],[-89.072,80.195],[-88.534,80.098],[-88.414,80.104],[-88.483,80.135],[-88.421,80.142],[-88.145,80.093],[-88.425,80.186],[-88.274,80.171],[-88.273,80.195],[-88.506,80.218],[-88.704,80.284],[-88.644,80.321],[-88.685,80.371],[-88.648,80.393],[-88.383,80.443],[-87.683,80.41],[-87.607,80.324],[-87.618,80.272],[-87.563,80.233],[-87.562,80.179],[-88.065,80.12],[-87.891,80.055],[-87.275,80.066],[-87.036,79.962],[-87.007,79.946],[-87.031,79.937],[-87.489,79.841],[-87.338,79.84],[-87.024,79.916],[-86.957,79.903],[-87.058,79.804],[-87.055,79.731],[-87.134,79.645],[-87.441,79.573],[-87.462,79.534],[-87.441,79.526],[-87.309,79.502],[-87.161,79.571],[-86.966,79.601],[-86.823,79.587],[-86.846,79.549],[-86.789,79.538],[-86.694,79.567],[-86.813,79.611],[-86.762,79.631],[-86.334,79.645],[-86.046,79.568],[-86.039,79.545],[-86.137,79.519],[-86.028,79.474],[-86.167,79.457],[-86.07,79.434],[-85.901,79.493],[-85.893,79.554],[-85.828,79.607],[-85.681,79.613],[-85.531,79.559],[-85.543,79.538],[-85.39,79.449],[-85.039,79.35],[-84.904,79.267],[-85.297,79.187],[-86.422,79.075],[-86.55,79.048],[-86.587,78.983],[-86.702,78.955],[-86.785,78.957],[-86.983,79.056],[-87.004,78.987],[-86.952,78.906],[-87.328,78.794],[-87.615,78.645],[-87.872,78.694],[-87.953,78.749],[-88.003,78.807],[-87.946,78.909],[-87.97,78.965],[-87.794,79.006],[-87.833,79.026],[-87.741,79.059],[-87.746,79.086],[-87.899,79.011],[-88.202,78.976],[-88.188,78.885],[-88.229,78.802],[-88.13,78.684],[-88.351,78.653],[-88.024,78.656],[-87.894,78.584],[-87.908,78.548],[-88.011,78.481],[-88.234,78.453],[-88.559,78.604],[-88.804,78.609],[-88.755,78.589],[-88.773,78.573],[-88.746,78.535],[-88.535,78.413],[-88.672,78.316],[-88.751,78.196],[-88.817,78.154],[-89.115,78.2],[-89.353,78.339],[-89.658,78.431],[-90,78.609],[-90.088,78.595],[-90.1,78.549],[-90,78.466],[-89.985,78.436],[-89.748,78.38],[-89.452,78.162],[-89.618,78.163],[-89.673,78.217],[-89.911,78.218],[-90,78.284],[-90.186,78.333],[-90.744,78.323],[-90.325,78.271],[-90.375,78.24],[-90.272,78.176],[-90.465,78.135],[-91.489,78.176],[-91.857,78.239],[-92.083,78.212],[-92.19,78.278],[-92.323,78.287],[-92.181,78.319],[-92.537,78.31],[-92.609,78.33],[-92.613,78.357],[-92.919,78.418],[-92.982,78.454],[-92.978,78.483],[-91.848,78.546],[-91.66,78.526],[-91.632,78.539],[-91.657,78.563],[-92.585,78.596],[-92.806,78.633],[-93.271,78.584],[-93.466,78.645],[-93.356,78.679],[-93.555,78.68],[-93.813,78.765],[-93.589,78.783],[-93.163,78.735],[-93.054,78.739],[-93.037,78.765],[-93.416,78.824],[-93.874,78.833],[-94.282,78.968],[-93.91,79.041],[-93.608,79.051],[-93.472,79.108],[-93.46,79.142],[-93.329,79.164],[-92.869,79.139],[-92.746,79.164],[-92.309,79.145],[-91.628,79.178],[-90.564,79.215],[-90.363,79.246],[-92.18,79.203],[-92.446,79.223],[-92.694,79.257],[-92.603,79.3],[-91.932,79.297],[-91.146,79.356],[-91.129,79.39],[-92.181,79.345],[-92.571,79.37],[-92.243,79.426],[-92.259,79.446],[-92.58,79.452],[-92.876,79.407],[-93.09,79.482],[-93.144,79.463],[-93.021,79.382],[-93.374,79.336],[-93.229,79.425],[-93.338,79.447],[-93.485,79.354],[-93.665,79.36],[-93.683,79.339],[-93.628,79.316],[-93.87,79.263],[-94.212,79.276],[-94.161,79.286],[-94.167,79.316],[-94.119,79.344],[-93.838,79.392],[-94.027,79.377],[-94.386,79.421],[-94.509,79.416],[-94.5,79.379],[-94.389,79.368],[-94.506,79.337],[-95.087,79.27],[-95.235,79.286],[-95.191,79.309],[-95.318,79.332],[-95.163,79.344],[-95.285,79.353],[-95.308,79.39],[-95.281,79.399],[-95.444,79.372],[-95.771,79.409],[-95.748,79.424],[-95.777,79.43],[-95.671,79.439],[-95.778,79.474],[-95.706,79.501],[-95.736,79.537],[-94.699,79.612],[-94.329,79.688],[-94.357,79.726],[-94.282,79.757],[-94.318,79.778],[-94.814,79.67],[-95.853,79.646],[-96.149,79.739],[-96.238,79.736],[-96.253,79.783],[-96.335,79.815],[-96.49,79.836],[-96.391,79.863],[-96.589,79.852],[-96.609,79.888],[-96.458,79.914],[-96.391,79.913],[-96.381,79.881],[-96.138,79.906],[-96.606,79.962],[-96.679,80.014],[-96.391,80.045],[-96.676,80.041],[-96.802,80.09],[-96.711,80.144],[-96.41,80.138],[-95.847,80.053],[-94.852,80.044],[-94.416,79.978],[-94.711,80.07],[-94.803,80.092],[-94.611,80.135],[-94.12,80.183],[-94.596,80.224],[-94.816,80.159],[-95.367,80.118],[-95.695,80.178],[-95.295,80.212],[-95.243,80.243],[-95.496,80.219],[-95.645,80.239],[-95.933,80.194],[-96.566,80.272],[-96.47,80.322],[-96.681,80.342],[-96.592,80.362],[-96.232,80.334],[-96.268,80.367],[-96.047,80.389],[-95.44,80.338],[-95.468,80.382],[-96.098,80.488],[-95.933,80.508],[-95.904,80.54],[-96.027,80.574],[-95.98,80.584],[-94.995,80.603],[-94.752,80.559],[-93.99,80.554],[-93.958,80.526],[-93.786,80.525],[-94.004,80.585],[-94.543,80.599],[-94.66,80.651],[-94.662,80.675],[-94.596,80.69],[-94.199,80.693],[-94.088,80.701],[-94.108,80.718],[-94.895,80.747],[-95.037,80.771],[-94.857,80.801],[-94.888,80.814],[-95.282,80.786],[-95.534,80.818],[-95.15,80.881],[-95.484,80.899],[-95.283,80.949],[-95.241,81.006],[-94.904,81.057],[-94.572,81.038],[-94.457,81.012],[-94.508,80.979],[-94.434,80.965],[-94.298,81.008],[-93.936,81.017],[-94.07,81.041],[-93.906,81.04],[-94.149,81.056],[-94.341,81.109]]],[[[-101.086,73.325],[-101.305,73.361],[-101.317,73.401],[-101.58,73.45],[-101.546,73.459],[-101.621,73.49],[-101.523,73.489],[-101.427,73.552],[-101.28,73.552],[-101.217,73.604],[-100.89,73.596],[-100.672,73.464],[-100.499,73.412],[-100.415,73.418],[-100.606,73.497],[-100.543,73.556],[-100.551,73.598],[-100.911,73.622],[-100.858,73.667],[-101.046,73.673],[-101.057,73.696],[-101.014,73.712],[-101.118,73.723],[-100.981,73.763],[-101.027,73.775],[-101.013,73.797],[-100.886,73.827],[-100.754,73.812],[-100.648,73.848],[-100.417,73.845],[-100.136,73.795],[-100.026,73.729],[-100.027,73.763],[-99.955,73.813],[-99.857,73.842],[-99.843,73.878],[-99.871,73.898],[-99.892,73.891],[-99.873,73.866],[-99.948,73.878],[-100.049,73.832],[-100.249,73.833],[-100.292,73.872],[-100.142,73.931],[-99.856,73.94],[-99.8,73.931],[-99.836,73.901],[-99.785,73.867],[-99.398,73.798],[-99.206,73.725],[-99.247,73.696],[-99.189,73.685],[-99.115,73.748],[-98.789,73.734],[-98.688,73.772],[-98.134,73.809],[-97.96,73.846],[-97.9,73.896],[-97.734,73.905],[-97.825,73.858],[-97.602,73.894],[-97.471,73.857],[-97.223,73.856],[-96.962,73.738],[-96.934,73.686],[-96.968,73.633],[-97.202,73.557],[-97.433,73.581],[-97.459,73.573],[-97.432,73.531],[-97.459,73.515],[-97.638,73.538],[-97.668,73.483],[-97.623,73.456],[-97.417,73.493],[-97.183,73.464],[-97.173,73.443],[-97.248,73.429],[-97.167,73.41],[-97.171,73.352],[-97.267,73.364],[-97.841,73.273],[-97.862,73.233],[-98.24,73.075],[-98.51,73.009],[-98.442,72.981],[-98.473,72.956],[-98.427,72.943],[-98.445,72.865],[-98.227,72.987],[-97.846,73.048],[-97.283,72.963],[-97.225,72.939],[-97.253,72.931],[-97.258,72.883],[-97.415,72.86],[-97.236,72.842],[-97.161,72.78],[-97.053,72.757],[-97.029,72.716],[-97.17,72.673],[-97.196,72.604],[-97.081,72.605],[-96.915,72.678],[-96.536,72.75],[-96.517,72.714],[-96.585,72.693],[-96.455,72.64],[-96.459,72.607],[-96.405,72.559],[-96.438,72.534],[-96.374,72.534],[-96.325,72.488],[-96.298,72.415],[-96.399,72.407],[-96.446,72.369],[-96.668,72.309],[-96.871,72.321],[-96.561,72.275],[-96.614,72.245],[-96.533,72.236],[-96.485,72.129],[-96.498,72.09],[-96.866,72.041],[-96.672,72.012],[-96.488,72.034],[-96.522,71.959],[-96.764,71.914],[-96.491,71.926],[-96.57,71.819],[-96.744,71.792],[-96.738,71.824],[-96.677,71.837],[-96.775,71.843],[-96.978,71.795],[-97.084,71.7],[-97.504,71.611],[-97.988,71.661],[-98.207,71.646],[-98.359,71.728],[-98.321,71.803],[-98.209,71.889],[-98.267,71.904],[-98.291,71.894],[-98.262,71.866],[-98.338,71.854],[-98.462,71.783],[-98.493,71.713],[-98.391,71.707],[-98.41,71.688],[-98.381,71.653],[-98.182,71.583],[-98.148,71.538],[-98.037,71.526],[-98.198,71.414],[-98.466,71.313],[-98.729,71.27],[-98.829,71.293],[-98.96,71.379],[-99.238,71.344],[-99.313,71.47],[-99.41,71.538],[-99.369,71.575],[-99.574,71.619],[-99.678,71.76],[-99.788,71.786],[-99.872,71.858],[-100.101,71.884],[-100.443,72.057],[-100.423,72.096],[-100.481,72.086],[-100.513,72.108],[-100.49,72.126],[-100.634,72.185],[-100.885,72.207],[-100.951,72.171],[-101.021,72.202],[-101.055,72.236],[-101.019,72.254],[-101.083,72.258],[-101.037,72.276],[-101.22,72.332],[-101.395,72.286],[-101.402,72.244],[-101.495,72.244],[-101.469,72.265],[-101.585,72.301],[-101.776,72.299],[-101.89,72.362],[-101.879,72.399],[-101.775,72.389],[-101.916,72.406],[-101.963,72.463],[-101.911,72.472],[-102.597,72.648],[-102.741,72.724],[-102.714,72.745],[-102.763,72.79],[-102.646,72.864],[-102.576,72.979],[-102.501,73.03],[-102.276,73.082],[-101.962,73.089],[-101.968,73.049],[-101.768,73.021],[-101.791,72.98],[-101.732,72.967],[-101.817,72.966],[-101.741,72.924],[-101.618,72.886],[-101.618,72.909],[-101.541,72.921],[-101.595,72.902],[-101.509,72.871],[-101.45,72.816],[-101.466,72.8],[-101.294,72.789],[-101.296,72.744],[-101.413,72.748],[-101.366,72.725],[-100.882,72.689],[-100.812,72.715],[-100.87,72.735],[-100.828,72.758],[-100.447,72.735],[-100.331,72.78],[-100.324,72.838],[-100.416,72.869],[-100.387,72.897],[-100.442,72.921],[-100.388,72.944],[-100.498,72.95],[-100.421,73.034],[-100.309,73.028],[-100.407,73.011],[-100.381,73],[-100.419,72.974],[-100.381,72.949],[-100.292,72.931],[-100.296,72.958],[-100.255,72.953],[-100.261,72.921],[-100.328,72.904],[-100.326,72.878],[-100.077,72.886],[-100.059,72.896],[-100.086,72.92],[-100.031,72.934],[-100.176,72.987],[-100.106,73.0],[-100.14,73.048],[-100.22,73.042],[-100.177,73.083],[-100.323,73.093],[-100.232,73.134],[-100.523,73.089],[-100.518,73.12],[-100.607,73.146],[-100.472,73.193],[-100.544,73.228],[-100.361,73.29],[-100.196,73.233],[-100.107,73.241],[-100.134,73.221],[-100.037,73.183],[-99.771,73.208],[-100.077,73.251],[-100.373,73.395],[-100.405,73.361],[-100.336,73.324],[-100.583,73.283],[-100.84,73.259],[-101.086,73.325]]],[[[-95.6,73.283],[-95.59,73.304],[-95.65,73.325],[-95.6,73.381],[-95.683,73.45],[-95.626,73.5],[-95.652,73.511],[-95.632,73.527],[-95.7,73.553],[-95.631,73.588],[-95.541,73.576],[-95.723,73.639],[-95.676,73.664],[-95.716,73.689],[-95.656,73.699],[-95.681,73.711],[-95.658,73.732],[-95.299,73.771],[-94.956,73.659],[-94.618,73.651],[-94.866,73.687],[-95.075,73.773],[-95.116,73.806],[-94.982,73.845],[-95.154,73.823],[-95.304,73.88],[-95.324,73.952],[-95.245,74.01],[-94.732,74.095],[-94.177,74.133],[-93.914,74.136],[-93.765,74.075],[-93.721,74.083],[-93.758,74.096],[-93.73,74.154],[-93.515,74.173],[-92.796,74.124],[-92.748,74.113],[-92.761,74.08],[-92.711,74.08],[-92.638,74.103],[-92.334,74.031],[-92.273,73.99],[-92.327,73.951],[-92.309,73.94],[-92.132,73.946],[-92.094,73.989],[-91.925,74.012],[-91.57,74.025],[-91.065,74.006],[-90.406,73.914],[-90.317,73.925],[-90.204,73.888],[-90.275,73.838],[-90.316,73.871],[-90.376,73.855],[-90.372,73.789],[-90.765,73.562],[-90.989,73.553],[-90.93,73.483],[-91.18,73.345],[-91.262,73.263],[-91.634,73.228],[-91.367,73.2],[-91.642,73.021],[-91.646,72.979],[-91.818,72.862],[-92.066,72.752],[-92.393,72.707],[-93.222,72.78],[-93.311,72.814],[-93.603,72.774],[-94.298,72.77],[-94.334,72.738],[-94.312,72.715],[-94.142,72.734],[-93.902,72.705],[-93.775,72.734],[-93.817,72.642],[-93.568,72.57],[-93.463,72.462],[-93.628,72.341],[-93.819,72.307],[-94.014,72.163],[-94.08,72.066],[-94.228,72.039],[-94.153,72.018],[-94.022,72.059],[-94.069,72.024],[-94.029,71.999],[-94.063,71.978],[-94.449,72.023],[-95.175,71.966],[-95.105,71.994],[-95.207,71.988],[-95.196,72.052],[-95.083,72.097],[-95.196,72.106],[-94.752,72.153],[-95.171,72.139],[-95.161,72.162],[-95.214,72.205],[-95.159,72.35],[-95.236,72.428],[-95.145,72.431],[-95.196,72.45],[-95.133,72.46],[-95.2,72.524],[-95.316,72.539],[-95.346,72.587],[-95.313,72.601],[-95.364,72.643],[-95.602,72.702],[-95.599,72.735],[-95.513,72.736],[-95.57,72.765],[-95.557,72.785],[-95.666,72.801],[-95.656,72.901],[-95.622,72.927],[-95.718,72.999],[-95.655,73.019],[-95.642,73.053],[-95.688,73.08],[-95.657,73.112],[-95.5,73.128],[-95.579,73.159],[-95.596,73.219],[-95.557,73.23],[-95.6,73.283]]],[[[-99.454,75.974],[-99.863,75.935],[-99.905,75.956],[-99.874,75.983],[-100.035,76.006],[-99.995,76.034],[-100.077,76.038],[-100.111,76.101],[-100.22,76.132],[-100.031,76.155],[-99.714,76.114],[-99.414,76.158],[-99.716,76.139],[-100.001,76.201],[-100.438,76.212],[-100.512,76.249],[-100.464,76.274],[-100.074,76.271],[-100.203,76.298],[-100.186,76.313],[-100.029,76.279],[-99.848,76.283],[-100.023,76.295],[-99.923,76.317],[-100.153,76.349],[-100.179,76.36],[-100.147,76.38],[-100.694,76.374],[-100.982,76.504],[-100.711,76.532],[-100.723,76.556],[-100.653,76.576],[-100.318,76.635],[-99.837,76.608],[-99.684,76.633],[-99.551,76.609],[-99.676,76.591],[-99.522,76.588],[-99.291,76.5],[-99.143,76.501],[-99.255,76.453],[-99.079,76.397],[-99.122,76.461],[-98.98,76.471],[-98.925,76.436],[-98.846,76.436],[-98.889,76.446],[-98.865,76.469],[-99.05,76.536],[-99.027,76.601],[-98.814,76.613],[-98.743,76.579],[-98.725,76.611],[-98.538,76.616],[-98.509,76.63],[-98.537,76.641],[-98.483,76.649],[-98.744,76.643],[-98.852,76.671],[-98.48,76.679],[-98.403,76.661],[-98.419,76.622],[-98.151,76.585],[-98.395,76.594],[-98.357,76.565],[-97.662,76.481],[-97.695,76.46],[-97.662,76.419],[-97.727,76.395],[-97.783,76.319],[-97.509,76.188],[-97.494,76.138],[-97.588,76.08],[-97.581,76.042],[-97.656,75.972],[-97.558,75.864],[-97.664,75.793],[-97.938,75.741],[-97.386,75.682],[-97.369,75.653],[-97.411,75.615],[-97.422,75.506],[-97.378,75.434],[-97.28,75.396],[-97.469,75.422],[-97.496,75.442],[-97.487,75.496],[-97.711,75.566],[-97.762,75.568],[-97.752,75.538],[-97.841,75.55],[-97.856,75.535],[-97.789,75.518],[-97.745,75.466],[-97.835,75.46],[-97.847,75.502],[-97.932,75.512],[-98.043,75.481],[-97.949,75.461],[-98.055,75.452],[-97.774,75.423],[-98.036,75.412],[-97.876,75.364],[-98.069,75.349],[-98.107,75.371],[-98.164,75.329],[-98.08,75.329],[-98.129,75.301],[-98.048,75.284],[-98.006,75.319],[-97.894,75.329],[-97.995,75.278],[-97.913,75.264],[-97.922,75.295],[-97.887,75.3],[-97.873,75.27],[-97.743,75.224],[-97.736,75.204],[-97.8,75.193],[-97.692,75.193],[-97.654,75.179],[-97.676,75.164],[-97.567,75.147],[-97.619,75.118],[-97.862,75.111],[-98.024,75.162],[-98.025,75.21],[-98.098,75.222],[-98.072,75.199],[-98.146,75.163],[-98.09,75.137],[-97.966,75.104],[-97.938,75.064],[-97.949,75.021],[-97.982,75.015],[-98.748,74.989],[-98.845,75.009],[-98.859,75.061],[-98.96,75.051],[-98.928,75.012],[-98.956,75.003],[-99.376,74.985],[-99.406,74.993],[-99.374,75.007],[-99.387,75.037],[-99.281,75.122],[-99.496,75.026],[-99.426,74.991],[-99.538,74.974],[-100.347,75.016],[-100.393,75.037],[-100.378,75.113],[-100.43,75.147],[-100.398,75.158],[-100.538,75.204],[-99.987,75.236],[-100.393,75.26],[-100.257,75.313],[-100.523,75.293],[-100.778,75.35],[-100.432,75.375],[-100.697,75.436],[-100.011,75.461],[-100.306,75.471],[-99.951,75.492],[-100.283,75.514],[-100.155,75.523],[-99.845,75.54],[-100.039,75.554],[-99.712,75.589],[-99.667,75.611],[-99.863,75.614],[-99.809,75.635],[-99.817,75.655],[-99.033,75.677],[-98.889,75.695],[-98.971,75.71],[-100.559,75.647],[-101.365,75.574],[-101.377,75.598],[-101.495,75.601],[-102.668,75.497],[-102.671,75.528],[-102.778,75.544],[-102.728,75.572],[-102.877,75.624],[-102.632,75.614],[-102.701,75.628],[-102.666,75.648],[-102.689,75.67],[-102.531,75.691],[-102.583,75.709],[-102.538,75.721],[-102.009,75.703],[-102.236,75.744],[-102.093,75.791],[-102.366,75.789],[-102.29,75.857],[-101.864,75.902],[-101.459,75.81],[-101.459,75.761],[-101.254,75.744],[-100.911,75.811],[-101.347,75.774],[-101.323,75.807],[-101.363,75.847],[-101.537,75.861],[-101.597,75.919],[-101.302,76.013],[-101.678,75.979],[-101.848,76.024],[-101.907,76.078],[-101.888,76.119],[-101.761,76.174],[-101.385,76.248],[-102.133,76.219],[-102.165,76.238],[-102.063,76.255],[-102.059,76.279],[-102.194,76.289],[-102.041,76.318],[-102.097,76.341],[-102.064,76.358],[-101.957,76.357],[-102.05,76.398],[-101.862,76.45],[-101.315,76.414],[-101.058,76.326],[-101.14,76.24],[-100.751,76.182],[-100.625,76.127],[-100.727,76.09],[-100.417,76.116],[-100.621,76.079],[-100.315,76.051],[-100.171,75.959],[-100.071,75.945],[-100.145,75.908],[-99.983,75.919],[-99.981,75.884],[-99.93,75.873],[-99.454,75.974]]],[[[-99.579,69.043],[-99.455,69.137],[-99.341,69.123],[-99.311,69.158],[-99.006,69.136],[-98.936,69.172],[-98.72,69.193],[-98.706,69.261],[-98.653,69.294],[-98.555,69.275],[-98.393,69.308],[-98.397,69.338],[-98.611,69.444],[-98.577,69.479],[-98.419,69.471],[-98.601,69.52],[-98.556,69.58],[-98.357,69.559],[-98.219,69.473],[-98.103,69.459],[-98.092,69.424],[-98.003,69.435],[-98.263,69.578],[-98.367,69.601],[-98.281,69.751],[-97.974,69.892],[-97.458,69.769],[-97.341,69.706],[-97.489,69.673],[-97.391,69.593],[-97.303,69.698],[-97.273,69.694],[-96.879,69.491],[-96.789,69.495],[-96.518,69.418],[-96.218,69.311],[-96.176,69.269],[-96.251,69.153],[-96.21,69.123],[-96.229,69.054],[-96.118,69.025],[-96.158,69.086],[-96.134,69.125],[-96.155,69.168],[-96.047,69.228],[-95.924,69.089],[-95.978,69.043],[-95.857,68.972],[-95.833,68.872],[-95.756,68.891],[-95.626,68.826],[-95.351,68.899],[-95.206,68.85],[-95.535,68.671],[-95.565,68.674],[-95.538,68.723],[-95.593,68.752],[-95.79,68.737],[-95.798,68.693],[-95.859,68.653],[-95.852,68.608],[-96.0,68.619],[-96.291,68.473],[-96.503,68.446],[-96.928,68.521],[-97.099,68.587],[-97.143,68.584],[-97.098,68.528],[-97.181,68.511],[-97.506,68.541],[-97.761,68.653],[-98.035,68.694],[-98.12,68.67],[-98.29,68.755],[-98.244,68.822],[-98.383,68.859],[-98.425,68.841],[-98.4,68.77],[-98.519,68.747],[-98.575,68.786],[-98.859,68.829],[-98.87,68.874],[-98.811,68.915],[-98.849,68.933],[-98.981,68.95],[-99.006,68.907],[-99.118,68.921],[-99.044,68.859],[-99.188,68.824],[-99.437,68.891],[-99.46,68.95],[-99.594,69.015],[-99.579,69.043]]],[[[-104.042,78.62],[-103.826,78.671],[-103.483,78.669],[-103.518,78.71],[-103.318,78.74],[-103.468,78.787],[-103.581,78.743],[-103.616,78.767],[-103.796,78.735],[-103.695,78.793],[-103.726,78.802],[-103.886,78.804],[-103.905,78.768],[-103.991,78.758],[-104.198,78.77],[-104.215,78.793],[-104.167,78.816],[-103.821,78.898],[-104.203,78.991],[-104.265,78.988],[-104.293,78.954],[-104.455,78.956],[-104.564,78.864],[-104.785,78.806],[-105.011,78.803],[-105.012,78.844],[-104.87,78.889],[-104.681,79.016],[-104.937,79.053],[-105.395,79.011],[-105.59,79.034],[-105.628,79.161],[-105.541,79.239],[-105.42,79.284],[-105.482,79.306],[-105.44,79.329],[-105.127,79.297],[-104.007,79.367],[-103.722,79.356],[-102.876,79.233],[-102.926,79.211],[-102.891,79.166],[-102.611,79.093],[-102.665,78.982],[-102.773,78.944],[-102.583,78.948],[-102.573,78.929],[-102.626,78.9],[-102.579,78.873],[-102.391,78.931],[-102.38,78.962],[-102.417,79.009],[-102.268,79.029],[-101.942,79.084],[-101.648,79.075],[-101.231,78.959],[-101.14,78.974],[-100.986,78.937],[-101.2,78.82],[-101.186,78.802],[-100.925,78.763],[-100.351,78.828],[-100.323,78.778],[-99.896,78.695],[-100.062,78.638],[-100.016,78.616],[-99.853,78.633],[-99.748,78.597],[-99.55,78.59],[-99.529,78.578],[-99.551,78.561],[-99.651,78.544],[-99.597,78.53],[-99.67,78.479],[-99.867,78.437],[-99.748,78.383],[-99.793,78.297],[-99.529,78.282],[-99.413,78.205],[-98.945,78.061],[-98.971,77.997],[-99.099,77.96],[-99.013,77.888],[-99.179,77.84],[-99.822,77.814],[-99.906,77.778],[-100.607,77.859],[-100.604,77.89],[-100.838,78.022],[-100.747,78.077],[-100.998,78.131],[-101.035,78.196],[-101.289,78.182],[-101.474,78.234],[-102.133,78.282],[-102.618,78.241],[-102.809,78.288],[-102.807,78.316],[-102.665,78.358],[-102.777,78.376],[-103.68,78.311],[-103.905,78.272],[-103.898,78.245],[-103.963,78.233],[-104.467,78.265],[-104.82,78.355],[-104.991,78.437],[-105.043,78.505],[-104.831,78.569],[-104.666,78.579],[-103.523,78.496],[-103.448,78.534],[-103.494,78.566],[-103.378,78.586],[-103.431,78.598],[-103.4,78.615],[-104.042,78.62]]],[[[-80.771,73.749],[-80.373,73.761],[-80.142,73.696],[-80.023,73.727],[-79.451,73.63],[-78.166,73.668],[-77.424,73.554],[-77.191,73.501],[-77.029,73.398],[-77.048,73.361],[-76.893,73.321],[-76.708,73.317],[-76.738,73.279],[-76.579,73.219],[-76.631,73.167],[-76.495,73.116],[-76.241,73.092],[-76.318,73.062],[-76.279,73.045],[-76.323,73.02],[-76.26,72.997],[-76.333,72.963],[-76.118,72.94],[-76.059,72.9],[-76.149,72.842],[-76.562,72.812],[-77.704,72.897],[-78.236,72.893],[-79.209,72.744],[-79.594,72.753],[-79.998,72.863],[-80.181,73.043],[-80.122,73.114],[-80.178,73.158],[-80.11,73.179],[-80.151,73.222],[-80.797,73.276],[-80.876,73.327],[-80.844,73.352],[-80.892,73.374],[-80.861,73.396],[-80.884,73.439],[-80.855,73.475],[-80.695,73.477],[-80.867,73.544],[-80.902,73.602],[-80.797,73.659],[-80.802,73.714],[-80.861,73.745],[-80.771,73.749]]],[[[-75,68.119],[-75.052,68.036],[-75.164,67.954],[-75.104,67.847],[-75.044,67.812],[-75.066,67.695],[-75.025,67.619],[-75.071,67.538],[-75.388,67.354],[-75.517,67.351],[-75.591,67.306],[-75.908,67.248],[-76.242,67.262],[-76.663,67.219],[-77.044,67.26],[-77.175,67.421],[-77.246,67.451],[-77.256,67.516],[-77.225,67.543],[-77.322,67.698],[-77.22,67.861],[-76.865,68.157],[-76.606,68.279],[-76.281,68.332],[-76.235,68.303],[-76.083,68.295],[-75.917,68.338],[-75.726,68.33],[-75.134,68.234],[-75,68.119]]],[[[-95.959,74.856],[-96.127,74.915],[-96.033,74.949],[-96.05,74.972],[-96.141,74.957],[-96.056,75.01],[-96.074,75.023],[-96.142,75.017],[-96.209,74.915],[-96.268,74.903],[-96.403,74.925],[-96.379,74.943],[-96.394,74.978],[-96.328,74.974],[-96.331,75.004],[-96.614,74.984],[-96.587,75.031],[-96.604,75.063],[-96.463,75.193],[-96.38,75.175],[-96.366,75.193],[-96.399,75.204],[-96.378,75.216],[-96.048,75.238],[-95.987,75.25],[-96.081,75.25],[-96.077,75.272],[-95.903,75.289],[-96.172,75.285],[-95.944,75.378],[-95.89,75.372],[-95.919,75.346],[-95.776,75.371],[-96.033,75.401],[-96.151,75.374],[-96.178,75.384],[-96.095,75.417],[-95.958,75.436],[-95.76,75.39],[-95.684,75.428],[-95.838,75.459],[-95.749,75.513],[-95.456,75.568],[-95.371,75.552],[-95.275,75.605],[-95.178,75.584],[-94.882,75.635],[-94.363,75.59],[-93.989,75.434],[-93.676,75.356],[-93.649,75.32],[-93.801,75.303],[-93.499,75.264],[-93.578,75.197],[-93.456,75.116],[-93.509,75.091],[-93.488,75.072],[-93.642,75.038],[-93.515,75.038],[-93.427,74.955],[-93.406,74.883],[-93.438,74.757],[-93.563,74.743],[-93.463,74.729],[-93.484,74.687],[-93.741,74.635],[-94.278,74.65],[-94.643,74.623],[-94.869,74.684],[-94.913,74.662],[-95.08,74.68],[-95.067,74.736],[-95.283,74.798],[-95.443,74.769],[-95.38,74.799],[-95.457,74.798],[-95.482,74.779],[-95.45,74.741],[-95.519,74.74],[-95.547,74.756],[-95.493,74.798],[-95.518,74.811],[-95.625,74.807],[-95.725,74.843],[-95.735,74.817],[-95.907,74.819],[-95.868,74.848],[-95.959,74.856]]],[[[-82.185,62.979],[-81.911,62.952],[-81.865,62.923],[-81.903,62.852],[-81.949,62.834],[-81.938,62.709],[-82.139,62.606],[-82.369,62.547],[-82.442,62.458],[-83.001,62.204],[-83.136,62.173],[-83.198,62.222],[-83.337,62.252],[-83.703,62.141],[-83.731,62.303],[-83.945,62.427],[-83.908,62.482],[-83.704,62.569],[-83.57,62.675],[-83.527,62.821],[-83.374,62.906],[-83.211,62.913],[-83.142,62.854],[-83.041,62.837],[-82.694,62.939],[-82.42,62.924],[-82.292,62.983],[-82.185,62.979]]],[[[-97.949,78.816],[-97.488,78.796],[-97.025,78.741],[-96.886,78.696],[-96.533,78.676],[-96.315,78.618],[-96.184,78.628],[-96.152,78.611],[-96.275,78.533],[-95.964,78.483],[-95.601,78.519],[-94.894,78.395],[-94.837,78.347],[-95.399,78.231],[-95.13,78.194],[-95.089,78.154],[-94.889,78.108],[-94.929,78.081],[-94.888,78.058],[-95.112,77.951],[-95.379,77.966],[-96.285,77.859],[-96.541,77.897],[-96.735,77.866],[-96.491,77.87],[-96.57,77.851],[-96.515,77.845],[-96.711,77.839],[-96.837,77.805],[-96.817,77.791],[-97.096,77.803],[-97.081,77.843],[-97.12,77.87],[-96.995,77.921],[-97.775,78.034],[-97.651,78.051],[-97.684,78.073],[-97.647,78.09],[-96.91,78.079],[-96.855,78.104],[-96.904,78.113],[-96.87,78.133],[-97.321,78.207],[-97.926,78.217],[-97.913,78.244],[-97.763,78.244],[-98.054,78.301],[-98.01,78.333],[-98.087,78.375],[-98.036,78.397],[-98.347,78.443],[-98.41,78.49],[-98.319,78.519],[-98.345,78.534],[-98.019,78.542],[-98.326,78.65],[-98.311,78.699],[-98.371,78.719],[-98.317,78.746],[-98.364,78.768],[-98.144,78.816],[-97.949,78.816]]],[[[-105.225,72.933],[-105.356,72.947],[-105.292,72.924],[-105.324,72.906],[-105.204,72.864],[-105.383,72.866],[-105.462,72.941],[-105.903,73.13],[-105.895,73.161],[-106.101,73.189],[-106.044,73.219],[-106.193,73.284],[-106.126,73.291],[-106.466,73.401],[-107.034,73.486],[-106.645,73.699],[-106.205,73.734],[-105.148,73.754],[-104.824,73.637],[-104.58,73.6],[-104.483,73.534],[-104.575,73.453],[-104.548,73.414],[-104.586,73.374],[-104.573,73.323],[-104.76,73.203],[-104.739,73.179],[-104.975,73.085],[-104.984,73.02],[-105.225,72.933]]],[[[-79.541,61.799],[-79.605,61.765],[-79.656,61.642],[-79.761,61.576],[-79.846,61.569],[-79.959,61.687],[-80.275,61.806],[-80.292,61.873],[-80.257,61.883],[-80.295,61.983],[-80.268,62.107],[-80.18,62.217],[-79.947,62.386],[-79.714,62.397],[-79.7,62.369],[-79.561,62.417],[-79.442,62.379],[-79.359,62.296],[-79.26,62.253],[-79.261,62.163],[-79.333,62.054],[-79.315,61.988],[-79.381,62.002],[-79.541,61.799]]],[[[-81.087,53.179],[-80.763,52.931],[-80.667,52.771],[-80.712,52.689],[-81.024,52.75],[-81.251,52.832],[-81.916,52.961],[-82.063,53.026],[-81.965,53.122],[-81.848,53.181],[-81.375,53.224],[-81.087,53.179]]],[[[-83.921,66.009],[-83.683,65.91],[-83.699,65.851],[-83.796,65.811],[-83.525,65.737],[-83.529,65.708],[-83.36,65.727],[-83.21,65.705],[-83.263,65.688],[-83.247,65.659],[-83.288,65.632],[-83.379,65.615],[-83.468,65.654],[-83.623,65.661],[-83.586,65.703],[-83.662,65.676],[-83.624,65.646],[-83.76,65.67],[-83.842,65.649],[-83.785,65.724],[-83.684,65.744],[-83.827,65.748],[-83.785,65.788],[-83.96,65.737],[-84.143,65.764],[-84.101,65.819],[-84.13,65.909],[-84.193,65.929],[-84.208,65.977],[-84.382,66.0],[-84.468,66.064],[-84.47,66.133],[-84.096,66.056],[-84.008,66.077],[-84.0,66.028],[-83.921,66.009]]],[[[-93.174,77.704],[-93.101,77.662],[-93.379,77.63],[-93.405,77.609],[-93.379,77.583],[-93.486,77.545],[-93.502,77.503],[-93.475,77.471],[-93.57,77.437],[-94.878,77.484],[-95.864,77.462],[-96.083,77.497],[-96.328,77.604],[-96.269,77.614],[-96.289,77.65],[-96.245,77.662],[-96.241,77.694],[-95.465,77.808],[-95.363,77.737],[-95.302,77.763],[-95.243,77.742],[-94.752,77.788],[-94.343,77.753],[-94.042,77.766],[-93.931,77.732],[-93.656,77.776],[-93.174,77.704]]],[[[-73.655,68.007],[-73.411,67.974],[-73.43,67.914],[-73.405,67.856],[-73.348,67.828],[-73.449,67.762],[-74.481,67.789],[-74.684,67.881],[-74.772,67.963],[-74.778,68.006],[-74.731,68.07],[-74.456,68.067],[-74.339,68.177],[-74.212,68.13],[-74.266,68.059],[-73.974,68.041],[-73.794,67.988],[-73.655,68.007]]],[[[-105.648,77.748],[-105.027,77.546],[-104.945,77.484],[-105.01,77.458],[-105.01,77.408],[-104.741,77.414],[-104.706,77.377],[-104.425,77.309],[-104.472,77.284],[-104.395,77.276],[-104.367,77.224],[-104.472,77.137],[-104.74,77.108],[-105.044,77.171],[-105.226,77.161],[-105.261,77.171],[-105.248,77.205],[-105.396,77.213],[-105.323,77.23],[-105.55,77.311],[-105.573,77.329],[-105.544,77.367],[-105.657,77.38],[-105.631,77.406],[-105.689,77.417],[-105.655,77.441],[-105.764,77.463],[-105.687,77.515],[-105.856,77.543],[-105.818,77.557],[-105.834,77.61],[-106.091,77.715],[-105.913,77.762],[-105.648,77.748]]],[[[-78.212,63.496],[-77.845,63.472],[-77.817,63.454],[-77.844,63.437],[-77.807,63.425],[-77.68,63.434],[-77.636,63.402],[-77.635,63.358],[-77.495,63.265],[-77.57,63.206],[-77.56,63.182],[-77.958,63.093],[-78.562,63.395],[-78.572,63.44],[-78.212,63.496]]],[[[-78.458,69.389],[-78.279,69.37],[-78.214,69.288],[-78.356,69.196],[-78.467,69.219],[-78.476,69.161],[-78.556,69.137],[-78.556,69.083],[-78.715,69.009],[-78.725,68.968],[-78.867,68.9],[-79.216,68.829],[-79.4,68.871],[-79.388,68.906],[-79.419,68.92],[-79.309,68.973],[-79.227,69.076],[-78.96,69.102],[-78.864,69.141],[-78.858,69.189],[-78.749,69.261],[-78.619,69.261],[-78.721,69.31],[-78.716,69.34],[-78.458,69.389]]],[[[-79.768,69.752],[-79.687,69.814],[-79.476,69.803],[-79.329,69.701],[-79.631,69.608],[-79.918,69.603],[-80.059,69.643],[-80.078,69.622],[-79.935,69.527],[-80.011,69.491],[-80.229,69.531],[-80.219,69.625],[-80.325,69.554],[-80.353,69.614],[-80.492,69.664],[-80.809,69.683],[-80.725,69.749],[-80.649,69.748],[-80.462,69.712],[-80.4,69.666],[-80.419,69.699],[-80.375,69.709],[-80.448,69.723],[-80.504,69.774],[-80.388,69.799],[-80.329,69.774],[-80.182,69.792],[-80.12,69.758],[-80.146,69.72],[-80.085,69.749],[-79.964,69.72],[-79.768,69.752]]],[[[-90,77.547],[-89.719,77.458],[-89.711,77.365],[-89.636,77.339],[-90,77.213],[-90.394,77.199],[-90.419,77.208],[-90.387,77.227],[-91.142,77.36],[-91.106,77.374],[-91.208,77.414],[-91.17,77.449],[-91.205,77.518],[-91.184,77.608],[-90.906,77.653],[-90.339,77.623],[-90,77.547]]],[[[-97.653,74.099],[-97.649,74.052],[-97.763,73.988],[-98.01,73.937],[-98.144,73.873],[-98.392,73.845],[-98.652,73.834],[-98.715,73.861],[-98.754,73.837],[-98.72,73.822],[-98.74,73.813],[-98.961,73.805],[-99.166,73.832],[-98.823,73.824],[-98.847,73.849],[-99.25,73.852],[-99.437,73.896],[-99.281,73.938],[-98.972,73.951],[-99.013,73.984],[-98.765,74.031],[-98.491,74.034],[-97.994,74.109],[-97.653,74.099]]],[[[-104.151,75.434],[-103.803,75.36],[-103.814,75.33],[-103.733,75.274],[-103.749,75.234],[-103.583,75.164],[-103.73,75.099],[-104.261,75.018],[-104.728,75.07],[-104.93,75.132],[-104.688,75.259],[-104.77,75.282],[-104.673,75.341],[-104.428,75.42],[-104.151,75.434]]],[[[-86.434,68.162],[-86.426,68.069],[-86.368,67.954],[-86.396,67.859],[-86.571,67.728],[-86.69,67.733],[-86.858,67.796],[-86.945,67.909],[-86.94,67.934],[-86.843,67.958],[-86.836,68.001],[-86.988,68.081],[-86.897,68.136],[-86.906,68.18],[-86.711,68.299],[-86.458,68.235],[-86.402,68.194],[-86.434,68.162]]],[[[-70.587,62.774],[-70.396,62.723],[-70.422,62.709],[-70.371,62.687],[-70.413,62.65],[-70.312,62.654],[-70.211,62.577],[-70.393,62.53],[-70.723,62.55],[-70.774,62.569],[-70.74,62.592],[-70.819,62.604],[-70.854,62.713],[-70.92,62.74],[-70.771,62.767],[-71.019,62.811],[-71.158,62.797],[-71.166,62.818],[-71.032,62.822],[-71.241,62.881],[-70.788,62.836],[-70.587,62.774]]],[[[-104.134,76.669],[-103.922,76.633],[-104.053,76.563],[-103.878,76.573],[-103.859,76.607],[-103.787,76.62],[-103.559,76.563],[-103.587,76.524],[-103.248,76.499],[-103.245,76.474],[-103.004,76.429],[-103.204,76.354],[-103.507,76.31],[-104.378,76.323],[-104.404,76.334],[-104.329,76.358],[-104.351,76.383],[-104.46,76.39],[-104.391,76.421],[-104.391,76.461],[-104.448,76.491],[-104.563,76.482],[-104.589,76.508],[-104.56,76.523],[-104.658,76.545],[-104.638,76.574],[-104.682,76.597],[-104.134,76.669]]],[[[-84.91,66],[-84.86,65.968],[-84.883,65.94],[-84.752,65.878],[-84.638,65.707],[-84.586,65.692],[-84.604,65.671],[-84.576,65.629],[-84.667,65.56],[-84.784,65.556],[-84.84,65.588],[-84.878,65.669],[-85.118,65.764],[-85.143,65.913],[-85.181,65.945],[-85.173,65.994],[-85.081,66.026],[-84.91,66]]],[[[-64.659,61.588],[-64.726,61.542],[-64.683,61.531],[-64.716,61.511],[-64.675,61.508],[-64.686,61.465],[-64.801,61.412],[-64.802,61.372],[-64.875,61.322],[-64.913,61.355],[-64.977,61.347],[-64.98,61.376],[-64.932,61.403],[-65.06,61.407],[-65.119,61.432],[-65.09,61.454],[-65.151,61.453],[-65.195,61.499],[-65.372,61.537],[-65.487,61.599],[-65.435,61.658],[-65.036,61.693],[-64.719,61.658],[-64.791,61.617],[-64.725,61.631],[-64.734,61.61],[-64.659,61.609],[-64.659,61.588]]],[[[-98.83,79.664],[-98.936,79.719],[-99.317,79.758],[-99.302,79.787],[-99.333,79.803],[-99.296,79.839],[-99.368,79.857],[-99.614,79.893],[-100.121,79.886],[-100.177,79.909],[-100.127,79.961],[-100.193,80.033],[-100.065,80.089],[-99.759,80.149],[-99.436,80.107],[-99.136,80.133],[-98.868,80.077],[-98.871,80.044],[-98.705,79.965],[-98.779,79.902],[-98.644,79.8],[-98.83,79.664]]],[[[-102.652,76.287],[-102.53,76.223],[-102.583,76.183],[-102.529,76.153],[-102.621,76.152],[-102.65,76.119],[-102.806,76.085],[-103.342,76.036],[-103.986,76.034],[-103.888,76.049],[-104.391,76.078],[-104.482,76.142],[-104.297,76.212],[-103.876,76.248],[-103.059,76.306],[-102.652,76.287]]],[[[-76.681,63.481],[-76.541,63.462],[-76.65,63.431],[-76.631,63.412],[-76.692,63.367],[-76.973,63.403],[-77.243,63.543],[-77.427,63.589],[-77.4,63.598],[-77.439,63.618],[-77.333,63.626],[-77.457,63.643],[-77.343,63.696],[-77.116,63.654],[-77.121,63.679],[-77.061,63.672],[-76.616,63.523],[-76.681,63.481]]],[[[-79.057,54.917],[-79.776,54.778],[-79.681,54.81],[-79.728,54.812],[-79.686,54.838],[-79.467,54.888],[-79.053,54.946],[-79.015,54.932],[-79.057,54.917]]],[[[-64.325,63.637],[-64.275,63.496],[-64.306,63.483],[-64.252,63.44],[-64.286,63.43],[-64.087,63.329],[-64.061,63.27],[-64.166,63.323],[-64.181,63.296],[-64.266,63.326],[-64.421,63.471],[-64.389,63.484],[-64.49,63.62],[-64.377,63.677],[-64.325,63.637]]],[[[-75,68.672],[-74.938,68.571],[-74.768,68.473],[-74.906,68.423],[-74.776,68.41],[-74.863,68.379],[-74.816,68.369],[-74.812,68.338],[-74.855,68.341],[-74.811,68.32],[-75.002,68.333],[-75.037,68.394],[-75.241,68.436],[-75.416,68.518],[-75.398,68.61],[-75.28,68.709],[-75,68.672]]],[[[-78.141,69.742],[-77.982,69.694],[-77.946,69.646],[-78.087,69.576],[-78.518,69.48],[-78.646,69.509],[-78.817,69.452],[-78.88,69.476],[-78.575,69.636],[-78.4,69.643],[-78.379,69.698],[-78.306,69.686],[-78.315,69.659],[-78.245,69.663],[-78.228,69.677],[-78.268,69.732],[-78.141,69.742]]],[[[-90,76.837],[-89.825,76.806],[-89.673,76.737],[-89.671,76.698],[-89.837,76.663],[-89.862,76.603],[-89.794,76.533],[-89.671,76.504],[-89.808,76.482],[-89.943,76.506],[-89.934,76.476],[-90,76.47],[-90.184,76.515],[-90.6,76.734],[-90.474,76.799],[-90,76.837]]],[[[-77.113,69.441],[-76.923,69.393],[-76.716,69.422],[-76.644,69.381],[-76.646,69.336],[-76.939,69.209],[-76.944,69.185],[-76.858,69.148],[-76.922,69.119],[-76.897,69.103],[-76.958,69.142],[-77.213,69.125],[-77.301,69.164],[-77.381,69.247],[-77.335,69.333],[-77.359,69.392],[-77.113,69.441]]],[[[-96.025,75.602],[-95.911,75.554],[-96.048,75.525],[-96.17,75.458],[-96.417,75.523],[-96.36,75.568],[-96.41,75.58],[-96.549,75.519],[-96.511,75.455],[-96.703,75.423],[-96.631,75.393],[-96.851,75.35],[-96.88,75.379],[-96.979,75.386],[-96.941,75.407],[-97.053,75.492],[-96.419,75.588],[-96.424,75.635],[-96.396,75.649],[-96.025,75.602]]],[[[-101.988,75.934],[-102.394,75.88],[-102.496,75.795],[-102.611,75.767],[-103.137,75.742],[-103.382,75.765],[-103.246,75.797],[-103.297,75.809],[-103.051,75.831],[-103.146,75.854],[-103.059,75.896],[-102.696,75.946],[-102.164,75.99],[-101.988,75.934]]],[[[-67.948,60.561],[-67.798,60.457],[-67.853,60.375],[-68.177,60.243],[-68.387,60.24],[-68.377,60.31],[-68.129,60.57],[-67.948,60.561]]],[[[-78.893,76.115],[-78.798,76.086],[-78.833,76.052],[-79.176,75.946],[-78.879,75.844],[-79.319,75.873],[-79.42,75.848],[-79.341,75.824],[-79.443,75.791],[-79.592,75.817],[-79.566,75.845],[-79.598,75.861],[-79.752,75.878],[-79.596,75.902],[-79.58,75.945],[-79.307,76.013],[-79.091,76.114],[-78.893,76.115]]],[[[-101.671,77.893],[-101.191,77.83],[-100.96,77.759],[-100.926,77.743],[-100.94,77.726],[-101.118,77.714],[-101.507,77.724],[-101.798,77.676],[-102.067,77.682],[-102.444,77.731],[-102.413,77.753],[-102.504,77.779],[-102.493,77.811],[-102.529,77.834],[-102.387,77.884],[-101.671,77.893]]],[[[-95.488,69.565],[-95.359,69.509],[-95.402,69.383],[-95.515,69.33],[-95.736,69.324],[-95.713,69.344],[-95.727,69.378],[-95.648,69.403],[-95.689,69.464],[-95.669,69.507],[-95.708,69.548],[-95.815,69.562],[-95.822,69.514],[-95.781,69.463],[-95.866,69.383],[-95.862,69.348],[-95.99,69.353],[-95.993,69.388],[-95.945,69.413],[-96.009,69.483],[-95.952,69.51],[-95.919,69.595],[-95.789,69.634],[-95.612,69.614],[-95.488,69.565]]],[[[-71.794,71.053],[-71.339,70.991],[-71.415,70.907],[-71.593,70.903],[-71.914,70.848],[-71.955,70.818],[-72.112,70.811],[-72.118,70.85],[-72.191,70.877],[-72.226,70.93],[-72.057,70.933],[-72.008,71.049],[-71.851,71.072],[-71.794,71.053]]],[[[-102.353,76.073],[-102.316,76.036],[-102.365,76.005],[-103.339,75.908],[-103.699,75.887],[-103.901,75.898],[-103.971,75.938],[-102.868,76.066],[-102.353,76.073]]],[[[-101.693,68.768],[-101.682,68.661],[-101.701,68.637],[-101.824,68.649],[-101.795,68.623],[-101.831,68.566],[-102.349,68.683],[-102.092,68.748],[-101.998,68.823],[-101.693,68.768]]],[[[-100.323,68.996],[-100.238,68.924],[-100.126,68.905],[-100.205,68.846],[-100.175,68.794],[-100.221,68.799],[-100.22,68.764],[-100.299,68.773],[-100.366,68.71],[-100.486,68.753],[-100.446,68.774],[-100.468,68.797],[-100.571,68.754],[-100.628,68.766],[-100.625,68.912],[-100.573,68.936],[-100.624,68.996],[-100.543,69.036],[-100.323,68.996]]],[[[-100.297,76.721],[-101.273,76.56],[-101.688,76.586],[-100.716,76.756],[-100.297,76.721]]],[[[-87.265,70.113],[-87.102,70.12],[-87.145,70.142],[-87.091,70.15],[-86.798,70.087],[-86.639,70.116],[-86.456,70.007],[-86.662,69.967],[-87.002,70.014],[-87.104,69.987],[-87.376,70.093],[-87.265,70.113]]],[[[-96.136,69.546],[-96.096,69.468],[-96.148,69.421],[-96.125,69.393],[-96.146,69.345],[-96.269,69.37],[-96.401,69.453],[-96.548,69.474],[-96.736,69.576],[-96.373,69.56],[-96.316,69.526],[-96.184,69.567],[-96.136,69.546]]],[[[-79.297,52.091],[-79.252,52.071],[-79.322,52.031],[-79.319,51.969],[-79.376,51.936],[-79.611,51.914],[-79.652,51.981],[-79.623,52.025],[-79.538,52.023],[-79.338,52.11],[-79.297,52.091]]],[[[-64.382,62.525],[-64.363,62.495],[-64.481,62.481],[-64.394,62.461],[-64.504,62.443],[-64.477,62.408],[-64.59,62.367],[-64.926,62.418],[-64.965,62.465],[-64.793,62.491],[-64.862,62.52],[-64.815,62.559],[-64.682,62.532],[-64.549,62.536],[-64.549,62.562],[-64.466,62.544],[-64.463,62.514],[-64.382,62.525]]],[[[-64.549,63.895],[-64.604,63.838],[-64.506,63.838],[-64.608,63.783],[-64.498,63.741],[-64.426,63.777],[-64.386,63.701],[-64.436,63.673],[-64.694,63.784],[-64.802,63.764],[-64.916,63.806],[-64.91,63.837],[-64.811,63.877],[-64.748,63.828],[-64.777,63.868],[-64.732,63.868],[-64.71,63.908],[-64.636,63.914],[-64.628,63.881],[-64.549,63.895]]],[[[-73.06,71.294],[-73.092,71.308],[-73.065,71.324],[-73.272,71.361],[-73.254,71.415],[-73.374,71.485],[-73.379,71.519],[-73.189,71.565],[-73.081,71.542],[-73.179,71.45],[-73.158,71.418],[-72.985,71.521],[-72.827,71.454],[-73.031,71.406],[-73.017,71.342],[-72.971,71.317],[-73.06,71.294]]],[[[-85.924,79.053],[-85.321,79.053],[-85.167,79.02],[-85.301,78.975],[-86.388,78.883],[-86.484,78.892],[-86.346,78.939],[-86.292,79.012],[-85.924,79.053]]],[[[-104.682,68.573],[-104.44,68.476],[-104.441,68.417],[-104.545,68.396],[-104.919,68.459],[-105.081,68.546],[-104.938,68.583],[-104.682,68.573]]],[[[-96.771,73.181],[-96.725,73.159],[-96.771,73.113],[-96.65,73.139],[-96.568,73.062],[-96.658,72.954],[-96.955,72.92],[-97.089,72.981],[-97.139,73.051],[-97.141,73.085],[-97.045,73.147],[-96.771,73.181]]],[[[-65.068,61.923],[-65.016,61.851],[-64.964,61.889],[-64.953,61.82],[-64.893,61.829],[-64.828,61.752],[-64.951,61.722],[-65.21,61.816],[-65.251,61.869],[-65.245,61.914],[-65.17,61.947],[-65.068,61.923]]],[[[-65.266,64.693],[-65.308,64.66],[-65.25,64.663],[-65.213,64.626],[-65.428,64.591],[-65.363,64.579],[-65.397,64.556],[-65.539,64.546],[-65.46,64.521],[-65.689,64.519],[-65.66,64.573],[-65.449,64.678],[-65.414,64.733],[-65.38,64.733],[-65.401,64.646],[-65.296,64.734],[-65.266,64.693]]],[[[-100.461,70.659],[-100.192,70.577],[-100.388,70.578],[-100.296,70.54],[-100.224,70.456],[-100.676,70.563],[-100.661,70.633],[-100.702,70.682],[-100.461,70.659]]],[[[-78.795,68.438],[-78.97,68.471],[-78.943,68.511],[-78.723,68.547],[-78.668,68.583],[-78.898,68.648],[-78.72,68.657],[-78.46,68.617],[-78.482,68.553],[-78.668,68.554],[-78.724,68.521],[-78.61,68.498],[-78.795,68.438]]],[[[-94.481,75.974],[-94.42,75.868],[-94.287,75.783],[-94.353,75.753],[-94.777,75.768],[-94.825,75.8],[-94.829,75.882],[-94.906,75.93],[-94.523,75.992],[-94.481,75.974]]],[[[-78.226,60.808],[-78.397,60.743],[-78.656,60.702],[-78.698,60.721],[-78.573,60.784],[-78.223,60.83],[-78.226,60.808]]],[[[-73.669,64.427],[-73.577,64.442],[-73.611,64.475],[-73.577,64.489],[-73.681,64.507],[-73.677,64.532],[-73.509,64.552],[-73.529,64.498],[-73.488,64.443],[-73.549,64.403],[-73.547,64.367],[-73.515,64.365],[-73.579,64.335],[-73.557,64.312],[-73.655,64.32],[-73.669,64.427]]],[[[-101.053,69.504],[-100.97,69.455],[-101.063,69.456],[-101.099,69.401],[-101.194,69.401],[-101.23,69.368],[-101.279,69.382],[-101.231,69.4],[-101.245,69.424],[-101.3,69.442],[-101.228,69.434],[-101.186,69.475],[-101.387,69.537],[-101.349,69.572],[-101.261,69.581],[-101.243,69.542],[-101.174,69.565],[-101.053,69.504]]],[[[-74.48,62.74],[-74.374,62.681],[-74.015,62.664],[-73.958,62.612],[-74.169,62.602],[-74.541,62.668],[-74.651,62.717],[-74.48,62.74]]],[[[-74.34,68.462],[-74.269,68.454],[-74.074,68.33],[-74.149,68.25],[-74.228,68.25],[-74.278,68.294],[-74.213,68.319],[-74.388,68.398],[-74.393,68.445],[-74.34,68.462]]],[[[-79.099,68.348],[-78.933,68.35],[-78.802,68.272],[-79.02,68.169],[-79.089,68.17],[-79.176,68.209],[-79.19,68.278],[-79.191,68.319],[-79.099,68.348]]],[[[-67.869,69.7],[-67.721,69.644],[-67.831,69.601],[-67.92,69.521],[-68.309,69.59],[-68.063,69.669],[-67.827,69.655],[-67.971,69.689],[-67.869,69.7]]],[[[-90.195,69.416],[-90.154,69.35],[-90.329,69.235],[-90.51,69.334],[-90.501,69.372],[-90.351,69.424],[-90.294,69.433],[-90.241,69.389],[-90.218,69.401],[-90.245,69.427],[-90.205,69.445],[-90.195,69.416]]],[[[-62.894,67.059],[-62.81,67.056],[-62.795,67.099],[-62.619,67.135],[-62.652,67.166],[-62.631,67.176],[-62.418,67.19],[-62.375,67.165],[-62.58,67.102],[-62.651,67.046],[-62.733,67.043],[-62.752,67.01],[-62.894,67.059]]],[[[-97.368,74.622],[-97.256,74.59],[-97.387,74.506],[-97.652,74.455],[-97.792,74.485],[-97.631,74.538],[-97.616,74.574],[-97.532,74.606],[-97.368,74.622]]],[[[-95.628,74.64],[-95.403,74.603],[-95.246,74.521],[-95.48,74.5],[-95.845,74.563],[-95.628,74.64]]],[[[-66.326,68.147],[-66.628,68.182],[-66.662,68.208],[-66.551,68.201],[-66.5,68.239],[-66.348,68.228],[-66.283,68.268],[-66.198,68.267],[-66.269,68.21],[-66.256,68.163],[-66.326,68.147]]],[[[-90.575,69.198],[-90.613,69.207],[-90.62,69.251],[-90.69,69.227],[-90.646,69.259],[-90.695,69.277],[-90.655,69.304],[-90.68,69.311],[-90.651,69.35],[-90.777,69.272],[-90.775,69.329],[-90.673,69.373],[-90.559,69.347],[-90.471,69.281],[-90.495,69.241],[-90.454,69.226],[-90.575,69.198]]],[[[-82.935,66.251],[-82.996,66.198],[-83.08,66.196],[-83.287,66.256],[-83.272,66.305],[-83.298,66.313],[-83.252,66.344],[-83.142,66.309],[-83.168,66.283],[-83.054,66.254],[-82.913,66.276],[-82.935,66.251]]],[[[-64.954,63.553],[-64.881,63.486],[-64.847,63.387],[-64.942,63.43],[-64.971,63.494],[-65.053,63.548],[-64.986,63.515],[-65.007,63.556],[-64.954,63.553]]],[[[-100.095,69.117],[-100.033,69.094],[-99.978,69.013],[-100.007,68.939],[-100.161,68.961],[-100.256,69.026],[-100.231,69.087],[-100.144,69.14],[-100.095,69.117]]],[[[-85.259,77.586],[-85.011,77.573],[-84.813,77.497],[-85.168,77.456],[-85.152,77.507],[-85.538,77.539],[-85.259,77.586]]],[[[-77.625,63.997],[-77.753,63.925],[-77.982,63.975],[-77.943,64.011],[-77.774,64.031],[-77.557,64.028],[-77.625,63.997]]],[[[-107.882,67.462],[-107.892,67.383],[-107.933,67.361],[-107.91,67.31],[-108.15,67.406],[-108.125,67.422],[-108.04,67.386],[-108.032,67.407],[-108.075,67.419],[-108.061,67.442],[-107.917,67.489],[-107.882,67.462]]],[[[-62.258,65.728],[-62.297,65.708],[-62.186,65.711],[-62.167,65.702],[-62.199,65.685],[-62.128,65.674],[-62.215,65.609],[-62.272,65.663],[-62.331,65.611],[-62.313,65.66],[-62.466,65.663],[-62.441,65.689],[-62.484,65.726],[-62.444,65.744],[-62.373,65.72],[-62.32,65.749],[-62.258,65.728]]],[[[-79.929,59.873],[-79.878,59.854],[-79.928,59.811],[-80.089,59.751],[-80.091,59.808],[-80.184,59.747],[-80.103,59.844],[-80.015,59.884],[-79.929,59.873]]],[[[-63.926,67.633],[-63.76,67.515],[-64.025,67.51],[-64.034,67.558],[-63.976,67.649],[-63.926,67.633]]],[[[-96.688,72.883],[-96.721,72.829],[-96.641,72.782],[-96.741,72.725],[-96.955,72.734],[-97.011,72.775],[-96.921,72.795],[-96.921,72.835],[-96.798,72.881],[-96.688,72.883]]],[[[-95.065,80.68],[-94.97,80.635],[-95.19,80.608],[-96.149,80.664],[-95.491,80.699],[-95.065,80.68]]],[[[-79.784,56.94],[-79.717,56.813],[-79.757,56.781],[-79.793,56.789],[-79.811,56.892],[-79.897,56.884],[-79.858,56.938],[-79.784,56.94]]],[[[-90.027,68.753],[-90.003,68.807],[-89.914,68.853],[-89.896,68.829],[-89.925,68.804],[-89.856,68.822],[-89.861,68.797],[-89.781,68.766],[-89.944,68.662],[-89.959,68.677],[-89.916,68.704],[-89.967,68.694],[-89.956,68.724],[-90.027,68.753]]],[[[-107.983,67.644],[-107.922,67.54],[-108.067,67.539],[-108.029,67.498],[-108.109,67.471],[-108.142,67.541],[-108.074,67.557],[-108.12,67.575],[-108.117,67.669],[-107.983,67.644]]],[[[-100.479,75.545],[-100.319,75.59],[-100.885,75.545],[-101.039,75.567],[-100.235,75.623],[-100.157,75.584],[-100.479,75.545]]],[[[-63.456,67.264],[-63.829,67.284],[-63.585,67.353],[-63.588,67.305],[-63.485,67.341],[-63.369,67.302],[-63.456,67.264]]],[[[-74.771,68.673],[-74.648,68.652],[-74.654,68.607],[-74.518,68.558],[-74.833,68.569],[-74.89,68.624],[-74.771,68.673]]],[[[-91.535,69.726],[-91.735,69.789],[-91.523,69.824],[-91.483,69.871],[-91.419,69.879],[-91.502,69.813],[-91.454,69.784],[-91.463,69.763],[-91.535,69.726]]],[[[-102.897,78.269],[-102.798,78.25],[-102.781,78.204],[-103.041,78.122],[-103.212,78.12],[-103.282,78.157],[-103.062,78.258],[-102.897,78.269]]],[[[-79.706,57.58],[-79.705,57.508],[-79.771,57.514],[-79.805,57.418],[-79.855,57.479],[-79.81,57.481],[-79.776,57.53],[-79.826,57.538],[-79.734,57.618],[-79.706,57.58]]],[[[-91.072,77.253],[-90.815,77.24],[-90.713,77.2],[-90.868,77.138],[-91.184,77.163],[-91.299,77.217],[-91.072,77.253]]],[[[-64.171,63.633],[-64.078,63.55],[-64.105,63.532],[-64.092,63.481],[-64.209,63.575],[-64.212,63.623],[-64.171,63.633]]],[[[-64.998,64.354],[-64.989,64.317],[-65.037,64.29],[-64.884,64.287],[-64.989,64.209],[-65.065,64.227],[-65.114,64.329],[-64.998,64.354]]],[[[-99.528,76.725],[-99.433,76.694],[-99.581,76.67],[-99.658,76.68],[-99.551,76.709],[-100.128,76.721],[-100.037,76.751],[-99.528,76.725]]],[[[-108.951,67.973],[-108.884,67.948],[-108.91,67.924],[-108.866,67.9],[-108.9,67.869],[-109.198,67.972],[-109.058,67.951],[-109.074,67.974],[-108.951,67.973]]],[[[-72.924,71.649],[-72.709,71.655],[-72.66,71.598],[-72.742,71.534],[-72.949,71.547],[-73.039,71.579],[-72.924,71.649]]],[[[-67.44,69.588],[-67.31,69.549],[-67.545,69.525],[-67.492,69.495],[-67.749,69.521],[-67.55,69.565],[-67.518,69.6],[-67.44,69.588]]],[[[-82.796,69.805],[-82.46,69.761],[-82.494,69.752],[-82.453,69.72],[-82.542,69.704],[-82.72,69.733],[-82.877,69.774],[-82.796,69.805]]],[[[-65.713,61.824],[-65.678,61.746],[-65.948,61.79],[-65.809,61.863],[-65.752,61.85],[-65.794,61.842],[-65.78,61.825],[-65.713,61.824]]],[[[-107.581,67.196],[-107.319,67.098],[-107.527,67.078],[-107.629,67.183],[-107.581,67.196]]],[[[-66.82,66.388],[-66.573,66.31],[-66.641,66.279],[-66.811,66.316],[-66.847,66.342],[-66.783,66.339],[-66.958,66.406],[-66.82,66.388]]],[[[-93.086,61.829],[-93.135,61.872],[-93.218,61.879],[-93.223,61.913],[-93.062,61.93],[-92.969,61.888],[-93.001,61.847],[-93.086,61.829]]],[[[-79.951,53.348],[-79.957,53.312],[-79.911,53.29],[-79.942,53.266],[-80.018,53.265],[-80.085,53.326],[-80.061,53.355],[-79.944,53.368],[-79.951,53.348]]],[[[-88.052,78.445],[-88.057,78.407],[-88.154,78.365],[-88.166,78.308],[-88.254,78.247],[-88.36,78.237],[-88.407,78.264],[-88.404,78.298],[-88.327,78.336],[-88.199,78.354],[-88.248,78.373],[-88.235,78.426],[-88.052,78.445]]],[[[-107.645,73.57],[-107.93,73.539],[-108.084,73.585],[-108.007,73.618],[-107.681,73.621],[-107.584,73.603],[-107.645,73.57]]],[[[-68.418,68.81],[-67.661,68.701],[-67.869,68.698],[-68.451,68.783],[-68.418,68.81]]],[[[-64.334,63.852],[-64.179,63.865],[-64.179,63.811],[-64.236,63.795],[-64.18,63.785],[-64.256,63.774],[-64.398,63.845],[-64.334,63.852]]],[[[-78.939,72.435],[-78.731,72.369],[-78.95,72.334],[-79.053,72.36],[-79.066,72.42],[-78.939,72.435]]],[[[-83.576,69.78],[-83.708,69.759],[-83.655,69.732],[-83.688,69.719],[-83.917,69.778],[-83.886,69.818],[-83.832,69.825],[-83.576,69.78]]],[[[-64.884,62.594],[-64.839,62.577],[-64.86,62.561],[-64.972,62.529],[-65.141,62.546],[-65.003,62.598],[-64.884,62.594]]],[[[-110.728,68.484],[-111.097,68.477],[-110.821,68.548],[-110.745,68.526],[-110.696,68.486],[-110.728,68.484]]],[[[-97.327,69.931],[-97.347,69.896],[-97.23,69.883],[-97.269,69.852],[-97.492,69.917],[-97.453,69.963],[-97.327,69.931]]],[[[-73.73,64.386],[-73.697,64.269],[-73.78,64.283],[-73.833,64.331],[-73.781,64.405],[-73.73,64.386]]],[[[-83.347,65.832],[-83.485,65.8],[-83.586,65.854],[-83.37,65.866],[-83.285,65.838],[-83.347,65.832]]],[[[-109.447,68.092],[-109.315,68.035],[-109.314,67.985],[-109.538,68.047],[-109.47,68.045],[-109.504,68.088],[-109.447,68.092]]],[[[-82.01,68.332],[-82.072,68.303],[-82.345,68.367],[-82.234,68.354],[-82.243,68.383],[-82.216,68.384],[-82.01,68.332]]],[[[-79.552,72.451],[-79.436,72.418],[-79.44,72.37],[-79.533,72.346],[-79.609,72.366],[-79.683,72.43],[-79.552,72.451]]],[[[-101.52,69.197],[-101.495,69.16],[-101.563,69.099],[-101.698,69.095],[-101.601,69.151],[-101.71,69.169],[-101.695,69.206],[-101.52,69.197]]],[[[-74.555,78.776],[-74.163,78.716],[-74.334,78.675],[-74.614,78.702],[-74.706,78.737],[-74.632,78.777],[-74.555,78.776]]],[[[-94.515,78.278],[-94.309,78.179],[-94.506,78.172],[-94.671,78.24],[-94.694,78.258],[-94.66,78.279],[-94.515,78.278]]],[[[-97.337,67.721],[-97.327,67.681],[-97.37,67.657],[-97.502,67.624],[-97.551,67.642],[-97.529,67.676],[-97.56,67.692],[-97.337,67.721]]],[[[-108.286,67.533],[-108.301,67.491],[-108.368,67.467],[-108.496,67.524],[-108.467,67.54],[-108.491,67.563],[-108.457,67.568],[-108.37,67.543],[-108.335,67.565],[-108.286,67.533]]],[[[-111.528,68.29],[-111.605,68.281],[-111.671,68.224],[-111.778,68.241],[-111.703,68.299],[-111.513,68.311],[-111.528,68.29]]],[[[-79.843,56.858],[-79.813,56.816],[-79.876,56.747],[-79.941,56.763],[-79.945,56.833],[-79.843,56.858]]],[[[-73.213,71.698],[-73.149,71.674],[-73.282,71.637],[-73.352,71.557],[-73.45,71.584],[-73.348,71.658],[-73.213,71.698]]],[[[-108.048,67.949],[-108.091,67.88],[-108.254,67.881],[-108.197,67.95],[-108.1,67.974],[-108.048,67.949]]],[[[-90,73.986],[-90.285,74.029],[-90,74.065],[-89.901,74.037],[-90,73.986]]],[[[-62.231,66.269],[-62.148,66.207],[-62.43,66.229],[-62.231,66.269]]],[[[-104.071,77.161],[-103.998,77.123],[-104.196,77.077],[-104.431,77.098],[-104.3,77.155],[-104.071,77.161]]],[[[-77.676,77.864],[-77.568,77.849],[-77.579,77.818],[-77.68,77.792],[-77.875,77.774],[-77.955,77.83],[-77.676,77.864]]],[[[-65.648,68.168],[-65.502,68.151],[-65.495,68.128],[-65.686,68.095],[-65.716,68.175],[-65.648,68.168]]],[[[-90.143,68.967],[-89.914,69.006],[-89.933,68.95],[-89.906,68.922],[-90.143,68.967]]],[[[-95.328,71.842],[-95.259,71.827],[-95.31,71.737],[-95.488,71.74],[-95.361,71.79],[-95.438,71.79],[-95.45,71.818],[-95.328,71.842]]],[[[-95.372,77.238],[-95.216,77.201],[-95.206,77.177],[-95.245,77.164],[-95.639,77.237],[-95.372,77.238]]],[[[-94.854,76.136],[-94.816,76.101],[-94.928,76.051],[-95.048,76.05],[-95.147,76.116],[-95.013,76.105],[-94.854,76.136]]],[[[-82.636,69.871],[-82.517,69.854],[-82.426,69.786],[-82.564,69.8],[-82.688,69.85],[-82.636,69.871]]],[[[-86.067,72.293],[-85.863,72.297],[-85.837,72.262],[-85.908,72.217],[-86.096,72.276],[-86.067,72.293]]],[[[-103.331,75.871],[-103.59,75.831],[-103.864,75.871],[-103.331,75.871]]],[[[-97.243,77.037],[-97.093,77.004],[-97.256,76.967],[-97.473,76.98],[-97.243,77.037]]],[[[-96.455,75.817],[-96.553,75.738],[-96.717,75.739],[-96.66,75.789],[-96.455,75.817]]],[[[-74.707,72.207],[-74.796,72.168],[-74.946,72.173],[-74.85,72.217],[-74.673,72.23],[-74.707,72.207]]],[[[-101.681,78.227],[-101.603,78.187],[-101.625,78.148],[-101.881,78.162],[-101.785,78.186],[-101.753,78.227],[-101.681,78.227]]],[[[-84.097,76.506],[-83.908,76.464],[-83.986,76.423],[-84.109,76.444],[-84.103,76.484],[-84.139,76.507],[-84.097,76.506]]],[[[-62.961,67.054],[-62.912,67.014],[-62.977,67.006],[-63.138,67.059],[-63.11,67.08],[-62.961,67.054]]],[[[-66.644,81.562],[-66.896,81.587],[-66.296,81.584],[-66.644,81.562]]],[[[-71.044,71.142],[-71.112,71.089],[-71.254,71.073],[-71.2,71.125],[-71.044,71.142]]],[[[-78.419,82.899],[-78.414,82.941],[-78.361,82.958],[-78.116,82.942],[-78.365,82.883],[-78.419,82.899]]],[[[-91.761,81.548],[-91.96,81.594],[-91.582,81.578],[-91.761,81.548]]]]},"properties":{"name":"Nunavut"}},{"type":"Feature","geometry":{"type":"MultiPolygon","coordinates":[[[[-110.394,78.752],[-109.978,78.671],[-109.983,78.325],[-110.411,78.277],[-110.715,78.292],[-111.141,78.386],[-111.306,78.371],[-111.239,78.323],[-111.433,78.323],[-111.401,78.283],[-111.462,78.267],[-111.82,78.273],[-111.918,78.332],[-112.158,78.369],[-113.142,78.268],[-113.334,78.332],[-113.226,78.356],[-113.218,78.403],[-112.661,78.494],[-112.238,78.547],[-111.752,78.55],[-111.455,78.592],[-111.378,78.617],[-111.434,78.643],[-111.189,78.688],[-110.738,78.754],[-110.394,78.752]]],[[[-109.987,77.924],[-110.221,77.893],[-110.895,77.856],[-110.886,77.82],[-110.658,77.759],[-110.105,77.774],[-110.079,77.757],[-110.113,77.692],[-110.04,77.637],[-110.162,77.604],[-110.08,77.563],[-110.224,77.505],[-110.877,77.411],[-111.276,77.424],[-112.057,77.323],[-112.413,77.356],[-112.507,77.381],[-112.601,77.455],[-112.79,77.441],[-112.957,77.469],[-113.011,77.512],[-113.197,77.523],[-113.24,77.587],[-113.089,77.619],[-113.252,77.664],[-113.206,77.688],[-113.229,77.723],[-113.187,77.739],[-113.319,77.795],[-113.209,77.908],[-112.996,77.89],[-112.914,77.927],[-112.414,78.003],[-111.932,78.018],[-111.807,78.049],[-111.73,78.024],[-111.093,78.092],[-110.861,78.061],[-110.55,78.106],[-109.985,78.101],[-109.987,77.924]]],[[[-110.008,74.833],[-110.065,74.817],[-110.345,74.846],[-110.41,74.822],[-110.318,74.798],[-110.665,74.788],[-110.596,74.707],[-111.677,74.493],[-112.541,74.409],[-113.471,74.418],[-113.696,74.446],[-114.298,74.602],[-114.443,74.664],[-114.394,74.708],[-113.709,74.829],[-113.207,74.845],[-113.322,74.879],[-112.867,74.975],[-112.014,75.002],[-111.753,74.981],[-111.551,75.011],[-111.481,75.045],[-111.567,75.06],[-111.306,75.075],[-111.29,75.091],[-111.351,75.111],[-111.266,75.103],[-111.029,75.171],[-111.068,75.188],[-111.001,75.221],[-110.92,75.223],[-111.068,75.271],[-111.23,75.264],[-111.391,75.181],[-111.608,75.165],[-111.577,75.143],[-111.695,75.145],[-111.76,75.184],[-111.9,75.131],[-112.409,75.123],[-112.47,75.146],[-112.412,75.159],[-112.294,75.198],[-112.387,75.209],[-112.339,75.223],[-112.408,75.24],[-112.461,75.218],[-112.432,75.186],[-112.592,75.181],[-112.637,75.204],[-112.594,75.25],[-112.679,75.277],[-112.66,75.266],[-112.713,75.256],[-112.735,75.203],[-112.688,75.171],[-112.699,75.138],[-112.806,75.115],[-113.038,75.093],[-113.134,75.144],[-113.178,75.091],[-113.254,75.076],[-113.941,75.056],[-113.973,75.096],[-113.932,75.141],[-113.647,75.184],[-113.929,75.173],[-113.805,75.326],[-113.318,75.417],[-113.47,75.431],[-113.902,75.374],[-113.992,75.448],[-114.065,75.466],[-114.093,75.41],[-114.04,75.362],[-114.17,75.226],[-114.284,75.234],[-114.512,75.314],[-114.615,75.274],[-114.443,75.257],[-114.297,75.179],[-114.394,75.09],[-114.949,74.969],[-115.195,74.989],[-115.225,75.064],[-115.172,75.107],[-115.257,75.179],[-115.279,75.14],[-115.404,75.098],[-115.674,75.138],[-115.595,75.117],[-115.611,75.098],[-115.537,75.027],[-115.69,74.964],[-116.253,75.058],[-116.041,75.122],[-116.321,75.103],[-116.241,75.168],[-116.239,75.201],[-116.301,75.203],[-116.56,75.179],[-116.694,75.116],[-117.457,75.188],[-117.683,75.253],[-117.661,75.298],[-117.555,75.31],[-117.575,75.336],[-117.455,75.4],[-117.218,75.476],[-115.991,75.485],[-115.619,75.578],[-115.268,75.595],[-115.288,75.62],[-115.267,75.635],[-114.998,75.695],[-115.714,75.642],[-116.119,75.572],[-116.863,75.564],[-117.25,75.586],[-117.016,75.737],[-116.816,75.796],[-116.037,75.809],[-115.749,75.854],[-115.594,75.833],[-114.98,75.853],[-114.798,75.892],[-116.106,75.864],[-116.649,75.884],[-116.724,75.906],[-116.726,75.951],[-116.461,75.974],[-116.525,76.002],[-116.499,76.026],[-116.705,76.039],[-116.641,76.113],[-116.516,76.157],[-116.163,76.197],[-114.79,76.151],[-114.68,76.164],[-115.282,76.233],[-115.827,76.239],[-115.921,76.281],[-115.85,76.324],[-115.909,76.345],[-115.499,76.454],[-115.021,76.474],[-114.899,76.516],[-114.702,76.515],[-114.751,76.487],[-114.461,76.501],[-114.118,76.435],[-114.106,76.355],[-114.177,76.344],[-113.983,76.261],[-114.059,76.217],[-113.983,76.19],[-113.323,76.262],[-112.999,76.267],[-112.892,76.253],[-112.838,76.214],[-112.425,76.167],[-112.528,76.103],[-112.413,76.042],[-112.043,75.998],[-111.727,75.921],[-112.074,75.873],[-112.225,75.811],[-111.452,75.836],[-111.474,75.81],[-111.592,75.807],[-111.439,75.776],[-111.451,75.742],[-111.355,75.724],[-111.403,75.684],[-111.372,75.645],[-111.407,75.614],[-111.353,75.572],[-111.292,75.571],[-111.318,75.545],[-111.271,75.522],[-110.495,75.569],[-110.389,75.534],[-110.004,75.532],[-110.008,74.833]]],[[[-110.001,75.875],[-110.055,75.89],[-110.001,75.898],[-110.001,75.875]]],[[[-109.999,76.224],[-110.201,76.285],[-110.372,76.294],[-110.329,76.336],[-110.377,76.355],[-110.383,76.427],[-109.997,76.474],[-109.999,76.224]]],[[[-117.431,69.994],[-117.251,70.072],[-117.01,70.116],[-115.908,70.228],[-114.543,70.313],[-114.218,70.316],[-113.683,70.263],[-113.333,70.277],[-112.564,70.198],[-112.517,70.207],[-112.577,70.216],[-112.543,70.237],[-112.391,70.225],[-112.341,70.234],[-112.378,70.256],[-112.138,70.271],[-112.283,70.299],[-111.926,70.252],[-111.442,70.29],[-111.583,70.301],[-111.489,70.324],[-111.536,70.349],[-111.98,70.37],[-112.169,70.497],[-112.408,70.507],[-112.445,70.534],[-112.528,70.514],[-112.709,70.567],[-112.848,70.567],[-112.882,70.538],[-113.091,70.608],[-113.185,70.603],[-113.206,70.644],[-113.511,70.677],[-113.591,70.646],[-113.938,70.715],[-114.171,70.664],[-114.408,70.673],[-114.641,70.622],[-115.399,70.604],[-115.581,70.573],[-115.699,70.598],[-116.055,70.572],[-116.211,70.602],[-116.171,70.626],[-116.363,70.639],[-116.901,70.597],[-117.338,70.598],[-117.376,70.625],[-117.543,70.595],[-117.724,70.641],[-117.741,70.661],[-117.709,70.693],[-117.735,70.711],[-118.112,70.811],[-118.309,70.897],[-118.415,70.998],[-117.849,71.156],[-116.842,71.247],[-116.8,71.286],[-116.208,71.364],[-116.077,71.365],[-116.148,71.341],[-115.76,71.365],[-115.726,71.381],[-115.79,71.396],[-116.22,71.424],[-115.74,71.503],[-115.75,71.481],[-115.62,71.498],[-115.378,71.449],[-115.057,71.523],[-115.442,71.488],[-115.558,71.508],[-115.455,71.532],[-115.706,71.555],[-117.377,71.382],[-117.416,71.391],[-117.378,71.454],[-117.471,71.454],[-117.447,71.473],[-117.562,71.499],[-117.633,71.461],[-117.483,71.432],[-117.539,71.372],[-117.72,71.4],[-117.776,71.368],[-118.112,71.373],[-118.283,71.404],[-118.315,71.439],[-118.29,71.481],[-118.054,71.543],[-117.766,71.522],[-117.835,71.554],[-117.655,71.571],[-117.887,71.614],[-117.957,71.598],[-117.967,71.626],[-117.7,71.671],[-118.027,71.671],[-118.172,71.628],[-118.176,71.596],[-118.411,71.576],[-118.386,71.619],[-118.566,71.662],[-118.855,71.662],[-118.903,71.614],[-118.88,71.577],[-119.05,71.626],[-119.134,71.765],[-119.087,71.908],[-118.929,72.0],[-118.724,72.061],[-118.717,72.116],[-118.588,72.176],[-118.112,72.231],[-118.145,72.326],[-118.491,72.353],[-118.588,72.416],[-118.536,72.493],[-118.191,72.628],[-117.868,72.699],[-117.353,72.916],[-116.941,72.956],[-116.574,73.054],[-114.561,73.375],[-114.226,73.318],[-114.016,73.206],[-113.953,73.125],[-114.051,72.959],[-114.017,72.925],[-114.052,72.872],[-113.969,72.813],[-114.224,72.794],[-114.351,72.747],[-114.327,72.688],[-114.248,72.688],[-114.604,72.601],[-114.552,72.585],[-114.558,72.56],[-114.351,72.557],[-114.319,72.589],[-114.062,72.64],[-113.893,72.66],[-113.806,72.639],[-113.516,72.701],[-113.729,72.615],[-113.699,72.604],[-113.442,72.672],[-113.413,72.734],[-113.597,72.754],[-113.598,72.782],[-113.302,72.948],[-113.007,73.008],[-112.514,72.951],[-112.361,72.904],[-112.061,72.889],[-111.225,72.722],[-111.202,72.67],[-111.276,72.567],[-111.489,72.504],[-111.436,72.488],[-111.56,72.429],[-111.905,72.349],[-111.812,72.323],[-111.643,72.348],[-111.651,72.319],[-111.726,72.3],[-111.713,72.274],[-111.786,72.222],[-111.763,72.198],[-111.653,72.293],[-111.424,72.337],[-111.578,72.339],[-111.609,72.367],[-111.35,72.453],[-111.228,72.465],[-111.202,72.46],[-111.243,72.434],[-111.371,72.403],[-111.28,72.397],[-111.364,72.342],[-111.241,72.365],[-111.033,72.281],[-111.091,72.401],[-110.987,72.434],[-110.993,72.476],[-110.796,72.472],[-110.827,72.525],[-110.701,72.575],[-110.478,72.552],[-110.601,72.493],[-110.35,72.428],[-110.311,72.434],[-110.53,72.502],[-110.384,72.555],[-110.05,72.433],[-110.019,72.442],[-110.029,69.995],[-112.485,69.993],[-112.477,69.892],[-112.614,69.896],[-112.657,69.834],[-112.862,69.84],[-112.887,69.991],[-117.085,69.999],[-117.118,69.891],[-116.513,69.634],[-116.859,69.637],[-116.847,69.648],[-117.247,69.756],[-117.431,69.994]]],[[[-110.019,72.493],[-110.255,72.556],[-110.104,72.557],[-110.019,72.529],[-110.019,72.493]]],[[[-110.019,72.623],[-110.291,72.671],[-110.178,72.68],[-110.212,72.711],[-110.188,72.726],[-110.078,72.727],[-110.018,72.711],[-110.019,72.623]]],[[[-110.018,72.749],[-110.073,72.755],[-110.266,72.734],[-110.171,72.774],[-110.211,72.818],[-110.535,72.847],[-110.756,72.971],[-110.708,73.002],[-110.511,73.015],[-110.017,72.974],[-110.018,72.749]]],[[[-102.001,59.999],[-104.27,59.999],[-104.709,59.999],[-105.541,60],[-105.859,59.999],[-106.044,59.999],[-106.255,59.999],[-107.113,59.994],[-110.0,59.995],[-119.982,59.988],[-123.816,59.994],[-123.876,60.041],[-124.029,60.023],[-123.974,60.098],[-124.195,60.328],[-124.206,60.457],[-124.418,60.479],[-124.459,60.569],[-124.614,60.668],[-124.619,60.709],[-124.476,60.79],[-124.578,60.953],[-124.813,60.972],[-124.877,60.917],[-124.871,60.858],[-125,60.86],[-125.184,60.848],[-125.37,60.782],[-125.711,60.827],[-125.887,60.896],[-125.957,60.877],[-126.009,60.803],[-126.107,60.817],[-126.113,60.862],[-126.202,60.863],[-126.244,60.85],[-126.217,60.819],[-126.253,60.788],[-126.394,60.776],[-126.52,60.814],[-126.672,60.743],[-126.753,60.782],[-126.826,60.755],[-126.886,60.782],[-126.879,60.829],[-126.925,60.862],[-126.898,60.941],[-126.939,61.002],[-126.935,61.059],[-127.055,61.039],[-127.101,61.07],[-127.013,61.128],[-127.031,61.15],[-127.007,61.184],[-127.059,61.363],[-127.125,61.401],[-127.141,61.466],[-127.288,61.519],[-127.55,61.511],[-127.972,61.688],[-128.006,61.732],[-128.08,61.849],[-128.196,61.844],[-128.279,61.948],[-128.388,61.993],[-128.375,62.027],[-128.546,62.122],[-128.677,62.125],[-128.765,62.058],[-128.984,62.136],[-129.122,62.116],[-129.293,62.156],[-129.199,62.216],[-129.282,62.267],[-129.31,62.326],[-129.215,62.377],[-129.308,62.421],[-129.172,62.481],[-129.417,62.584],[-129.567,62.574],[-129.487,62.618],[-129.523,62.643],[-129.516,62.672],[-129.625,62.704],[-129.63,62.76],[-129.773,62.874],[-129.702,62.892],[-129.726,62.914],[-129.705,62.952],[-129.598,63.051],[-129.637,63.08],[-129.847,63.086],[-129.835,63.114],[-129.9,63.197],[-129.978,63.203],[-130.044,63.269],[-130.151,63.265],[-130.138,63.31],[-130.073,63.336],[-129.919,63.372],[-129.897,63.452],[-129.819,63.483],[-129.898,63.572],[-129.957,63.585],[-129.948,63.613],[-130.093,63.63],[-130.11,63.664],[-130.082,63.688],[-130.109,63.703],[-130.251,63.666],[-130.321,63.695],[-130.282,63.737],[-130.103,63.764],[-130.119,63.808],[-130.37,63.843],[-130.522,63.934],[-130.581,63.924],[-130.755,63.986],[-130.778,64.009],[-130.751,64.046],[-130.863,64.043],[-130.853,64.072],[-130.947,64.137],[-130.867,64.187],[-130.937,64.209],[-130.979,64.265],[-131.06,64.279],[-131.001,64.33],[-131.141,64.424],[-131.388,64.467],[-131.427,64.416],[-131.593,64.368],[-131.818,64.378],[-131.803,64.438],[-131.687,64.498],[-131.702,64.535],[-131.915,64.582],[-132.046,64.695],[-132.163,64.701],[-132.368,64.778],[-132.57,64.772],[-132.622,64.826],[-132.487,64.87],[-132.507,64.964],[-132.333,65.034],[-132.381,65.084],[-132.539,65.093],[-132.556,65.118],[-132.527,65.162],[-132.576,65.19],[-132.701,65.153],[-132.787,65.187],[-132.714,65.199],[-132.78,65.229],[-132.555,65.283],[-132.521,65.363],[-132.327,65.434],[-132.273,65.546],[-132.174,65.591],[-132.286,65.715],[-132.573,65.848],[-132.525,65.897],[-132.334,65.946],[-132.342,65.981],[-132.51,65.978],[-132.542,66.021],[-132.605,66.031],[-132.869,65.91],[-132.993,65.923],[-132.908,65.996],[-132.939,66.028],[-133.147,66.024],[-133.407,65.943],[-133.629,65.974],[-133.603,66.051],[-133.704,66.071],[-133.673,66.116],[-133.563,66.155],[-133.57,66.278],[-133.824,66.316],[-133.768,66.373],[-133.75,66.447],[-133.629,66.445],[-133.69,66.531],[-133.586,66.564],[-133.771,66.644],[-133.757,66.685],[-133.84,66.727],[-133.763,66.806],[-133.908,66.908],[-134.092,66.955],[-134.046,66.984],[-133.831,67.003],[-136.164,67.003],[-136.222,67.064],[-136.198,67.143],[-136.236,67.173],[-136.134,67.226],[-136.091,67.302],[-136.142,67.359],[-136.116,67.382],[-136.205,67.406],[-136.157,67.507],[-136.241,67.62],[-136.421,67.655],[-136.445,67.715],[-136.446,68.873],[-136.419,68.9],[-136.027,68.873],[-135.799,68.822],[-135.725,68.772],[-135.519,68.745],[-135.399,68.67],[-135.286,68.684],[-135.16,68.657],[-135.506,68.832],[-135.337,68.834],[-135.623,68.886],[-135.241,68.926],[-135.172,68.886],[-134.977,68.878],[-134.845,68.929],[-134.669,68.873],[-134.626,68.808],[-134.5,68.756],[-134.446,68.7],[-134.219,68.692],[-134.287,68.753],[-134.406,68.801],[-134.629,69.008],[-134.537,69.093],[-134.338,69.106],[-134.153,69.258],[-133.905,69.287],[-133.859,69.337],[-133.688,69.336],[-133.661,69.348],[-133.691,69.359],[-133.67,69.386],[-133.55,69.405],[-133.217,69.396],[-133.046,69.433],[-133.052,69.466],[-132.966,69.511],[-132.951,69.569],[-132.988,69.595],[-132.893,69.653],[-132.417,69.635],[-132.333,69.682],[-132.449,69.654],[-132.423,69.683],[-132.441,69.702],[-132.622,69.679],[-132.54,69.74],[-132.259,69.772],[-132.48,69.732],[-132.303,69.733],[-132.31,69.71],[-132.133,69.686],[-132.107,69.723],[-131.845,69.765],[-131.645,69.864],[-131.418,69.901],[-131.447,69.918],[-131.41,69.957],[-131.237,69.927],[-131.201,69.883],[-131.22,69.843],[-131.184,69.824],[-131.152,69.854],[-131.185,69.863],[-131.17,69.881],[-131.08,69.884],[-131.004,70.003],[-130.93,70.021],[-131.019,70.027],[-130.892,70.099],[-130.897,70.065],[-130.713,70.125],[-130.748,70.081],[-130.72,70.076],[-130.657,70.096],[-130.656,70.134],[-130.472,70.173],[-130.522,70.158],[-130.535,70.107],[-130.477,70.11],[-130.504,70.134],[-130.411,70.131],[-130.386,70.165],[-130.324,70.134],[-130.331,70.105],[-130.285,70.101],[-130.336,70.083],[-130.279,70.082],[-130.17,70.105],[-130.195,70.062],[-130.168,70.053],[-130.104,70.109],[-130.074,70.106],[-130.082,70.073],[-129.951,70.099],[-129.99,70.068],[-129.893,70.077],[-129.854,70.1],[-129.853,70.149],[-129.788,70.177],[-129.832,70.195],[-129.73,70.218],[-129.74,70.248],[-129.673,70.266],[-129.591,70.188],[-129.629,70.16],[-129.459,70.147],[-129.502,70.115],[-129.473,70.092],[-129.404,70.123],[-129.459,70.053],[-129.553,70.042],[-129.497,70.02],[-130.521,69.782],[-130.578,69.708],[-130.78,69.676],[-130.844,69.599],[-130.928,69.563],[-131.039,69.601],[-131.039,69.64],[-131.331,69.603],[-131.332,69.574],[-131.645,69.577],[-131.667,69.571],[-131.657,69.531],[-131.755,69.566],[-132.006,69.527],[-132.08,69.48],[-132.042,69.448],[-132.098,69.451],[-132.094,69.418],[-132.141,69.412],[-132.097,69.396],[-132.094,69.362],[-132.339,69.311],[-132.315,69.247],[-132.381,69.305],[-132.435,69.298],[-132.434,69.25],[-132.483,69.236],[-132.495,69.159],[-132.513,69.263],[-132.545,69.283],[-132.717,69.266],[-132.837,69.217],[-132.822,69.192],[-132.907,69.124],[-132.829,69.106],[-132.901,69.071],[-132.888,68.979],[-132.922,68.985],[-132.946,69.037],[-132.919,69.074],[-133.016,69.044],[-133.098,69.066],[-133.2,69.032],[-133.198,68.977],[-133.251,68.963],[-133.21,68.944],[-133.233,68.908],[-133.334,68.866],[-133.399,68.881],[-133.369,68.91],[-133.466,68.888],[-133.425,68.857],[-133.484,68.85],[-133.463,68.793],[-133.054,68.691],[-132.918,68.69],[-132.933,68.709],[-133.152,68.72],[-133.266,68.778],[-133.139,68.766],[-133.251,68.797],[-133.335,68.789],[-133.38,68.844],[-133.237,68.861],[-133.121,68.805],[-132.938,68.795],[-132.962,68.846],[-132.936,68.854],[-132.707,68.786],[-132.733,68.83],[-132.491,68.801],[-132.422,68.835],[-132.397,68.864],[-132.553,68.916],[-132.492,68.877],[-132.598,68.894],[-132.665,68.841],[-132.787,68.847],[-132.705,68.88],[-132.833,68.923],[-132.675,68.926],[-132.855,68.984],[-132.867,69.026],[-132.827,69.04],[-132.865,69.068],[-132.496,69.132],[-132.425,69.233],[-132.404,69.216],[-132.423,69.15],[-132.467,69.107],[-132.384,69.139],[-132.32,69.233],[-132.291,69.203],[-132.342,69.188],[-132.289,69.177],[-132.197,69.212],[-132.237,69.161],[-132.222,69.141],[-132.163,69.24],[-132.076,69.226],[-131.953,69.26],[-131.909,69.309],[-131.876,69.31],[-131.913,69.28],[-131.865,69.283],[-131.714,69.397],[-131.849,69.369],[-131.887,69.405],[-131.97,69.406],[-131.846,69.426],[-131.645,69.421],[-131.679,69.451],[-131.652,69.471],[-131.416,69.435],[-131.486,69.402],[-131.48,69.358],[-131.525,69.329],[-131.412,69.366],[-131.405,69.418],[-131.358,69.419],[-131.37,69.454],[-131.33,69.442],[-131.321,69.493],[-131.241,69.406],[-131.274,69.494],[-131.245,69.498],[-131.212,69.387],[-131.414,69.296],[-131.16,69.388],[-131.164,69.495],[-131.247,69.583],[-131.113,69.513],[-131.128,69.361],[-131.062,69.51],[-131.196,69.589],[-131.093,69.609],[-131.104,69.571],[-131.027,69.463],[-131.116,69.322],[-131.03,69.371],[-130.962,69.472],[-130.99,69.539],[-130.946,69.539],[-130.932,69.419],[-131.047,69.336],[-131.016,69.307],[-130.935,69.388],[-130.897,69.385],[-130.906,69.328],[-130.999,69.268],[-130.989,69.236],[-131.024,69.209],[-131.014,69.136],[-130.922,69.135],[-130.956,69.161],[-130.941,69.27],[-130.794,69.346],[-130.813,69.379],[-130.66,69.429],[-130.652,69.457],[-130.748,69.453],[-130.443,69.582],[-130.452,69.613],[-130.333,69.681],[-130.365,69.694],[-129.602,69.818],[-129.099,69.858],[-128.931,69.971],[-128.9,69.971],[-128.854,69.954],[-128.898,69.962],[-128.898,69.914],[-128.956,69.889],[-128.934,69.844],[-129.169,69.824],[-129.129,69.749],[-129.149,69.695],[-128.977,69.674],[-128.921,69.687],[-128.97,69.711],[-128.961,69.732],[-128.795,69.756],[-128.587,69.872],[-128.324,69.948],[-128.308,70.008],[-128.369,70.095],[-128.343,70.116],[-128.109,70.182],[-127.514,70.221],[-128.028,70.286],[-128.112,70.359],[-127.959,70.347],[-127.915,70.396],[-128.192,70.386],[-128.135,70.523],[-127.996,70.59],[-127.463,70.409],[-127.173,70.272],[-126.893,70.008],[-126.774,69.974],[-126.795,69.943],[-126.765,69.928],[-126.811,69.905],[-126.705,69.766],[-126.255,69.526],[-125.91,69.405],[-125.668,69.389],[-125.426,69.312],[-125.365,69.342],[-125.457,69.384],[-125.456,69.41],[-125.165,69.381],[-125.111,69.415],[-125.135,69.439],[-125.089,69.449],[-125.266,69.442],[-125.295,69.47],[-125.622,69.418],[-125.578,69.471],[-125.498,69.474],[-125.511,69.491],[-125.464,69.512],[-125.313,69.497],[-125.324,69.523],[-125.118,69.485],[-125.292,69.549],[-125.225,69.586],[-125.437,69.608],[-125.372,69.614],[-125.413,69.638],[-125.365,69.69],[-125.241,69.686],[-125.016,69.74],[-124.967,69.726],[-124.925,69.644],[-124.861,69.688],[-124.871,69.713],[-124.821,69.714],[-124.897,69.75],[-125.241,69.76],[-125.276,69.808],[-125.184,69.855],[-125.165,69.795],[-125.058,69.789],[-125.021,69.864],[-124.893,69.94],[-124.629,69.979],[-124.684,70.019],[-124.764,69.97],[-124.852,69.986],[-124.795,70.008],[-124.976,70.007],[-125.121,69.967],[-125.111,69.941],[-125.206,69.933],[-125.188,70.009],[-125,70.079],[-124.986,70.041],[-125.047,70.023],[-125,70.018],[-124.863,70.027],[-124.956,70.032],[-124.834,70.068],[-124.645,70.071],[-124.584,70.011],[-124.533,70.019],[-124.556,70.036],[-124.526,70.053],[-124.436,70.036],[-124.418,70.046],[-124.449,70.08],[-124.577,70.081],[-124.519,70.103],[-124.735,70.089],[-124.684,70.108],[-124.752,70.121],[-124.68,70.149],[-124.385,70.144],[-124.446,70.108],[-124.361,70.073],[-124.376,70.023],[-124.488,70.016],[-124.417,69.989],[-124.537,69.963],[-124.438,69.952],[-124.441,69.92],[-124.505,69.903],[-124.403,69.857],[-124.501,69.784],[-124.479,69.755],[-124.5,69.725],[-124.294,69.695],[-124.201,69.729],[-124.069,69.723],[-124.035,69.678],[-124.203,69.619],[-124.24,69.55],[-124.419,69.47],[-124.414,69.412],[-124.518,69.404],[-124.446,69.367],[-124.263,69.348],[-124.095,69.354],[-124.053,69.386],[-124.006,69.344],[-124.016,69.379],[-123.984,69.404],[-123.889,69.365],[-123.817,69.388],[-123.68,69.353],[-123.477,69.381],[-123.38,69.41],[-123.45,69.446],[-123.4,69.49],[-123.168,69.495],[-123.126,69.571],[-123.162,69.618],[-123.096,69.67],[-123.108,69.747],[-123.152,69.768],[-122.959,69.833],[-122.807,69.793],[-122.754,69.799],[-122.741,69.83],[-122.202,69.794],[-121.93,69.814],[-121.443,69.765],[-120.881,69.638],[-120.665,69.551],[-120.664,69.542],[-120.658,68.001],[-112.498,65.506],[-110.651,65.499],[-109.387,64.826],[-101.984,64.213],[-102.001,59.999]]],[[[-119.744,74.025],[-119.75,74.091],[-119.611,74.128],[-119.465,74.221],[-119.121,74.199],[-119.09,74.15],[-119.131,74.126],[-119.065,74.103],[-119.147,74.062],[-119.187,73.994],[-119.167,73.987],[-119.073,74.015],[-118.973,74.0],[-118.79,74.107],[-118.881,74.178],[-118.673,74.219],[-118.101,74.276],[-117.438,74.229],[-116.785,74.059],[-115.894,73.718],[-115.614,73.668],[-115.366,73.545],[-115.323,73.474],[-115.834,73.339],[-116.456,73.257],[-117.244,73.054],[-117.466,73.036],[-118.366,72.824],[-118.496,72.763],[-118.753,72.736],[-119.137,72.632],[-119.183,72.595],[-119.17,72.542],[-119.309,72.438],[-119.332,72.387],[-119.311,72.352],[-119.801,72.221],[-120.029,72.219],[-120.184,72.232],[-120.139,72.267],[-120.251,72.258],[-120.258,72.234],[-120.18,72.203],[-120.144,72.143],[-120.194,72.078],[-120.449,71.946],[-120.379,71.883],[-120.426,71.744],[-120.376,71.688],[-120.543,71.516],[-120.877,71.441],[-121.429,71.378],[-121.603,71.399],[-121.531,71.417],[-121.569,71.451],[-121.743,71.453],[-122.121,71.267],[-122.605,71.174],[-122.781,71.086],[-123.095,71.079],[-123.223,71.114],[-123.403,71.211],[-123.665,71.496],[-123.801,71.535],[-123.948,71.658],[-125.236,71.941],[-124.953,71.938],[-124.939,71.956],[-125,71.97],[-125.761,71.95],[-125.997,71.973],[-125.778,71.986],[-125.715,72.09],[-125.788,72.118],[-125.566,72.178],[-125.66,72.191],[-125.656,72.251],[-125.501,72.266],[-125.478,72.299],[-125.532,72.301],[-125.391,72.396],[-125.436,72.409],[-125.343,72.414],[-125.358,72.447],[-125.3,72.483],[-125,72.56],[-124.947,72.57],[-124.968,72.604],[-125.098,72.63],[-124.94,72.702],[-125.018,72.702],[-124.971,72.755],[-125.026,72.821],[-125.114,72.861],[-124.943,72.854],[-124.475,72.927],[-124.522,72.952],[-124.497,72.977],[-124.624,73.02],[-124.726,73.006],[-124.868,73.08],[-124.785,73.138],[-124.644,73.156],[-124.668,73.192],[-124.482,73.346],[-124.403,73.371],[-124.433,73.421],[-124.068,73.535],[-124.038,73.586],[-124.078,73.622],[-124.067,73.654],[-123.844,73.696],[-123.838,73.743],[-123.774,73.764],[-123.847,73.825],[-124.217,73.872],[-124.195,73.916],[-124.352,73.976],[-124.381,74.037],[-124.462,74.069],[-124.469,74.101],[-124.426,74.109],[-124.535,74.206],[-124.516,74.25],[-124.693,74.269],[-124.604,74.312],[-124.762,74.315],[-124.77,74.34],[-123.253,74.444],[-122.337,74.471],[-121.518,74.548],[-121.15,74.509],[-121.002,74.467],[-120.971,74.418],[-120.217,74.282],[-119.525,74.229],[-119.663,74.223],[-119.651,74.181],[-119.824,74.094],[-119.827,74.059],[-119.744,74.025]]],[[[-116.144,77.023],[-115.731,76.949],[-115.903,76.893],[-116.365,76.926],[-116.183,76.845],[-116.0,76.811],[-115.996,76.77],[-115.896,76.691],[-116.011,76.676],[-116.093,76.619],[-116.322,76.581],[-117.04,76.537],[-117.076,76.508],[-116.983,76.454],[-117.002,76.431],[-116.94,76.386],[-116.938,76.346],[-117.319,76.257],[-117.603,76.273],[-117.657,76.293],[-117.655,76.317],[-117.813,76.318],[-118.059,76.409],[-118.028,76.424],[-118.044,76.447],[-117.99,76.462],[-118.02,76.492],[-117.904,76.528],[-117.953,76.562],[-117.908,76.578],[-117.973,76.596],[-117.9,76.636],[-117.919,76.688],[-117.734,76.778],[-117.798,76.817],[-117.888,76.818],[-118.029,76.758],[-118.337,76.768],[-118.3,76.735],[-118.312,76.705],[-118.495,76.712],[-118.458,76.692],[-118.474,76.679],[-118.341,76.643],[-118.304,76.552],[-118.434,76.548],[-118.57,76.499],[-118.841,76.554],[-118.773,76.527],[-118.975,76.498],[-118.681,76.445],[-118.567,76.336],[-118.655,76.284],[-118.911,76.265],[-118.942,76.21],[-118.887,76.173],[-118.964,76.16],[-118.964,76.126],[-119.071,76.117],[-119.075,76.083],[-119.282,76.127],[-119.301,76.191],[-119.456,76.255],[-119.499,76.361],[-119.562,76.32],[-119.713,76.331],[-119.652,76.297],[-119.658,76.268],[-119.705,76.262],[-119.565,76.175],[-119.701,76.15],[-119.552,76.117],[-119.805,76.108],[-119.491,76.035],[-119.481,75.97],[-119.636,75.992],[-119.703,75.942],[-119.606,75.911],[-119.71,75.921],[-119.87,75.857],[-120.069,75.838],[-120.149,75.896],[-120.288,75.816],[-120.454,75.815],[-120.489,75.849],[-120.463,75.916],[-120.384,75.967],[-120.445,75.976],[-120.458,76.011],[-120.578,76.002],[-120.563,75.985],[-120.593,75.978],[-120.696,76.013],[-120.731,76.057],[-120.648,76.099],[-120.751,76.105],[-120.659,76.142],[-120.883,76.198],[-121.012,76.139],[-120.995,76.103],[-121.022,76.059],[-120.931,75.959],[-120.98,75.941],[-121.017,75.948],[-120.999,75.994],[-121.113,75.991],[-121.259,75.964],[-121.294,75.907],[-121.423,75.933],[-121.495,75.984],[-121.864,76.042],[-122.134,76.036],[-122.132,75.974],[-122.197,75.977],[-122.416,75.928],[-122.696,75.955],[-122.728,75.973],[-122.56,76.02],[-122.698,76.018],[-122.543,76.046],[-122.471,76.11],[-122.699,76.112],[-122.489,76.141],[-122.62,76.174],[-122.842,76.148],[-122.901,76.098],[-123.037,76.084],[-122.905,76.155],[-122.942,76.182],[-122.848,76.184],[-122.828,76.233],[-122.707,76.226],[-122.636,76.264],[-122.617,76.342],[-121.983,76.444],[-121.781,76.42],[-121.533,76.437],[-121.413,76.5],[-121.411,76.553],[-121.216,76.618],[-121.19,76.68],[-120.9,76.693],[-120.812,76.737],[-120.581,76.749],[-120.401,76.797],[-120.365,76.836],[-120.418,76.875],[-120.176,76.919],[-120.188,76.942],[-120.091,76.963],[-120.091,77.003],[-119.949,77.012],[-119.812,77.096],[-119.389,77.184],[-119.295,77.276],[-119.153,77.325],[-117.867,77.388],[-117.934,77.358],[-117.801,77.367],[-117.253,77.285],[-117.023,77.29],[-117.06,77.326],[-117.181,77.34],[-117.158,77.358],[-116.795,77.317],[-116.81,77.34],[-116.651,77.388],[-116.994,77.394],[-117.15,77.457],[-116.785,77.499],[-116.769,77.516],[-116.9,77.532],[-116.416,77.556],[-116.09,77.491],[-116.065,77.479],[-116.108,77.461],[-115.753,77.419],[-115.389,77.312],[-115.877,77.215],[-116.269,77.19],[-116.29,77.148],[-116.4,77.133],[-116.295,77.113],[-116.269,77.055],[-116.144,77.023]]],[[[-135.85,69.007],[-135.648,68.991],[-135.517,69.023],[-135.69,69.012],[-135.758,69.06],[-135.934,69.095],[-135.967,69.214],[-135.914,69.257],[-135.656,69.143],[-135.411,69.097],[-135.63,69.151],[-135.81,69.242],[-135.855,69.284],[-135.803,69.316],[-135.659,69.316],[-135.585,69.223],[-135.548,69.235],[-135.61,69.319],[-135.571,69.338],[-135.17,69.257],[-135.158,69.274],[-135.24,69.308],[-135.287,69.419],[-135.15,69.476],[-135.107,69.457],[-134.79,69.498],[-134.468,69.444],[-134.407,69.474],[-134.417,69.5],[-134.507,69.515],[-134.548,69.472],[-134.596,69.514],[-134.576,69.547],[-134.468,69.542],[-134.492,69.56],[-134.401,69.638],[-134.491,69.722],[-134.312,69.721],[-134.351,69.668],[-134.203,69.668],[-134.147,69.629],[-134.242,69.568],[-134.191,69.59],[-134.127,69.542],[-134.02,69.559],[-134.001,69.546],[-134.048,69.526],[-133.918,69.508],[-133.805,69.539],[-133.827,69.559],[-133.778,69.576],[-133.748,69.542],[-133.789,69.531],[-133.778,69.487],[-134.029,69.382],[-134.097,69.328],[-134.099,69.293],[-134.211,69.276],[-134.275,69.226],[-134.28,69.18],[-134.383,69.118],[-134.568,69.106],[-134.675,69.011],[-134.666,68.956],[-134.488,68.87],[-134.417,68.784],[-134.287,68.75],[-134.227,68.696],[-134.457,68.719],[-134.467,68.762],[-134.559,68.798],[-134.606,68.862],[-134.834,68.987],[-134.914,68.966],[-134.92,68.914],[-134.961,68.892],[-135.141,68.901],[-135.201,68.932],[-135.421,68.928],[-135.46,68.942],[-135.455,68.977],[-135.534,68.944],[-135.522,68.908],[-135.807,68.895],[-136.005,68.951],[-135.918,68.958],[-135.987,69.011],[-135.968,69.044],[-135.85,69.007]]],[[[-117.623,76.114],[-117.471,76.088],[-117.489,76.046],[-117.681,75.921],[-117.838,75.859],[-117.823,75.831],[-117.952,75.771],[-117.927,75.734],[-118.263,75.616],[-118.203,75.598],[-118.604,75.496],[-118.927,75.529],[-118.873,75.547],[-118.928,75.562],[-119.196,75.562],[-119.408,75.605],[-118.619,75.915],[-118.367,75.966],[-118.152,75.971],[-118.071,76.034],[-117.933,76.047],[-117.778,76.108],[-117.623,76.114]]],[[[-114.193,77.698],[-114.634,77.757],[-114.521,77.771],[-115.116,77.958],[-114.952,77.949],[-114.687,78.024],[-114.286,78.066],[-114.35,78.032],[-114.27,78.012],[-114.311,78.004],[-114.089,77.986],[-113.958,77.914],[-113.706,77.891],[-113.677,77.846],[-113.576,77.814],[-113.788,77.745],[-114.193,77.698]]],[[[-114.054,76.703],[-114.875,76.77],[-114.606,76.865],[-113.807,76.889],[-113.498,76.833],[-113.453,76.772],[-113.652,76.704],[-114.054,76.703]]],[[[-120.867,75.913],[-120.898,75.825],[-121.032,75.737],[-121.288,75.752],[-121.029,75.811],[-120.998,75.867],[-121.047,75.899],[-120.997,75.926],[-120.877,75.936],[-120.867,75.913]]],[[[-112.237,70.362],[-111.671,70.306],[-112.09,70.295],[-112.317,70.345],[-112.237,70.362]]],[[[-109.882,68.114],[-109.932,68.079],[-110.258,68.041],[-109.921,68.134],[-109.882,68.114]]],[[[-128.12,70.597],[-128.144,70.568],[-128.231,70.598],[-128.242,70.57],[-128.341,70.542],[-128.234,70.656],[-128.094,70.62],[-128.12,70.597]]],[[[-117.183,70.537],[-117.301,70.561],[-117.199,70.591],[-116.879,70.547],[-117.183,70.537]]],[[[-135.297,69.304],[-135.565,69.39],[-135.337,69.388],[-135.339,69.351],[-135.272,69.358],[-135.297,69.304]]],[[[-122.633,75.919],[-122.324,75.899],[-122.34,75.862],[-122.398,75.859],[-122.691,75.9],[-122.633,75.919]]],[[[-124.307,73.632],[-124.113,73.564],[-124.343,73.559],[-124.358,73.63],[-124.307,73.632]]],[[[-113.778,77.104],[-113.931,77.129],[-113.699,77.144],[-113.664,77.123],[-113.778,77.104]]]]},"properties":{"name":"Northwest Territories"}},{"type":"Feature","geometry":{"type":"MultiPolygon","coordinates":[[[[-64.482,47.917],[-64.514,47.832],[-64.605,47.748],[-64.646,47.728],[-64.69,47.753],[-64.646,47.788],[-64.702,47.823],[-64.667,47.866],[-64.609,47.886],[-64.533,47.864],[-64.482,47.917]]],[[[-69.039,47.297],[-68.576,47.424],[-68.38,47.558],[-68.378,47.654],[-68.372,47.924],[-68.12,47.926],[-68.116,48.001],[-67.612,47.997],[-67.604,47.936],[-67.364,47.841],[-67.322,47.896],[-67.188,47.883],[-67.047,47.93],[-66.946,47.899],[-66.943,47.963],[-66.843,47.996],[-66.75,47.979],[-66.356,48.073],[-66.339,48.013],[-65.793,47.89],[-65.628,47.669],[-65.671,47.651],[-65.634,47.62],[-65.606,47.659],[-65.476,47.68],[-65.24,47.806],[-65.044,47.844],[-64.976,47.838],[-65.071,47.776],[-64.823,47.811],[-64.786,47.772],[-64.846,47.744],[-64.791,47.742],[-64.77,47.706],[-64.733,47.761],[-64.676,47.735],[-64.812,47.674],[-64.818,47.608],[-64.893,47.556],[-64.901,47.513],[-64.87,47.51],[-64.928,47.45],[-64.866,47.484],[-64.88,47.432],[-64.91,47.353],[-64.904,47.393],[-64.941,47.373],[-64.966,47.289],[-65.37,47.086],[-65.204,47.087],[-65.212,47.044],[-65.025,47.091],[-64.979,47.055],[-64.932,47.084],[-64.798,47.079],[-64.825,47.049],[-64.803,46.987],[-64.88,46.93],[-64.904,46.851],[-64.873,46.782],[-64.788,46.724],[-64.853,46.704],[-64.854,46.672],[-64.817,46.696],[-64.752,46.663],[-64.748,46.702],[-64.711,46.679],[-64.723,46.58],[-64.673,46.5],[-64.711,46.479],[-64.611,46.409],[-64.631,46.338],[-64.701,46.326],[-64.579,46.328],[-64.551,46.363],[-64.517,46.32],[-64.568,46.287],[-64.559,46.219],[-64.518,46.242],[-64.253,46.234],[-64.154,46.193],[-64.146,46.157],[-64.116,46.181],[-64.081,46.151],[-64.057,46.18],[-63.97,46.18],[-63.776,46.121],[-63.919,46.053],[-64.068,46.059],[-64.093,46.021],[-64.042,45.991],[-64.154,45.968],[-64.272,45.835],[-64.361,45.879],[-64.339,45.859],[-64.481,45.723],[-64.538,45.723],[-64.488,45.801],[-64.534,45.898],[-64.549,45.868],[-64.576,45.885],[-64.681,45.994],[-64.69,46.05],[-64.754,46.089],[-64.699,46.035],[-64.706,45.994],[-64.573,45.863],[-64.672,45.75],[-64.642,45.717],[-64.693,45.716],[-64.778,45.607],[-64.904,45.627],[-65.015,45.548],[-65.326,45.457],[-65.739,45.245],[-65.799,45.256],[-65.918,45.206],[-65.999,45.228],[-66.039,45.288],[-66.126,45.304],[-66.015,45.377],[-66.002,45.461],[-66.088,45.355],[-66.193,45.333],[-66.145,45.279],[-66.057,45.257],[-66.216,45.159],[-66.245,45.208],[-66.321,45.198],[-66.253,45.191],[-66.25,45.161],[-66.345,45.144],[-66.44,45.073],[-66.496,45.149],[-66.648,45.083],[-66.722,45.089],[-66.754,45.055],[-66.796,45.058],[-66.79,45.102],[-66.879,45.057],[-66.907,45.111],[-66.845,45.132],[-66.949,45.187],[-66.987,45.153],[-67.027,45.168],[-67.033,45.088],[-67.122,45.158],[-67.127,45.22],[-67.182,45.244],[-67.151,45.121],[-67.166,45.156],[-67.274,45.182],[-67.346,45.122],[-67.439,45.189],[-67.478,45.28],[-67.419,45.375],[-67.504,45.485],[-67.416,45.503],[-67.439,45.592],[-67.615,45.605],[-67.718,45.681],[-67.753,45.659],[-67.803,45.678],[-67.803,45.794],[-67.759,45.827],[-67.795,45.878],[-67.756,45.916],[-67.78,45.947],[-67.791,47.06],[-68.231,47.352],[-68.335,47.357],[-68.391,47.285],[-68.515,47.296],[-68.895,47.182],[-69.037,47.257],[-69.039,47.297]]]]},"properties":{"name":"New Brunswick"}},{"type":"Feature","geometry":{"type":"MultiPolygon","coordinates":[[[[-60.91,45.546],[-61.0,45.455],[-61.021,45.468],[-60.998,45.493],[-61.072,45.502],[-61.108,45.54],[-61.017,45.575],[-60.9,45.575],[-60.878,45.555],[-60.91,45.546]]],[[[-66.764,44.801],[-66.734,44.729],[-66.761,44.676],[-66.9,44.613],[-66.858,44.743],[-66.764,44.801]]],[[[-60.596,46.196],[-60.468,46.316],[-60.416,46.328],[-60.419,46.279],[-60.645,46.106],[-60.87,46.051],[-60.849,46.078],[-60.88,46.079],[-60.974,45.988],[-61.113,45.955],[-61.125,45.923],[-60.993,45.941],[-60.875,46.036],[-60.734,46.047],[-60.803,45.978],[-60.807,45.931],[-61.066,45.893],[-61.043,45.884],[-61.087,45.847],[-60.968,45.883],[-60.917,45.847],[-60.97,45.856],[-60.94,45.821],[-61.01,45.82],[-61.118,45.763],[-61.142,45.696],[-61.07,45.689],[-60.914,45.753],[-60.797,45.707],[-60.844,45.641],[-60.761,45.69],[-60.733,45.674],[-60.748,45.741],[-60.719,45.788],[-60.395,45.996],[-60.686,45.886],[-60.785,45.946],[-60.305,46.21],[-60.295,46.232],[-60.372,46.223],[-60.547,46.104],[-60.656,46.067],[-60.347,46.31],[-60.285,46.321],[-60.203,46.235],[-60.289,46.154],[-60.24,46.173],[-60.199,46.143],[-60.194,46.202],[-60.131,46.248],[-60.041,46.227],[-60.076,46.199],[-59.95,46.201],[-59.941,46.151],[-59.81,46.162],[-59.888,46.088],[-59.809,46.106],[-59.959,46.02],[-59.823,45.997],[-59.818,45.929],[-59.973,45.901],[-59.994,45.866],[-60.13,45.867],[-60.16,45.835],[-60.073,45.796],[-60.174,45.763],[-60.233,45.701],[-60.673,45.564],[-60.853,45.603],[-60.871,45.639],[-61.168,45.551],[-61.145,45.579],[-61.217,45.606],[-61.285,45.542],[-61.454,45.705],[-61.547,46.025],[-61.482,46.066],[-61.438,46.159],[-61.283,46.238],[-61.089,46.458],[-61.033,46.561],[-61.058,46.596],[-61.034,46.628],[-61.013,46.591],[-60.892,46.773],[-60.704,46.891],[-60.64,47],[-60.591,47.033],[-60.488,46.994],[-60.398,47.023],[-60.384,46.996],[-60.498,46.896],[-60.45,46.897],[-60.445,46.861],[-60.326,46.868],[-60.302,46.837],[-60.346,46.685],[-60.396,46.665],[-60.354,46.648],[-60.384,46.635],[-60.345,46.606],[-60.589,46.255],[-60.596,46.196]]],[[[-64.042,45.991],[-63.913,45.979],[-63.803,45.885],[-63.725,45.869],[-63.749,45.835],[-63.682,45.848],[-63.664,45.815],[-63.662,45.87],[-63.482,45.877],[-63.403,45.854],[-63.482,45.858],[-63.428,45.823],[-63.515,45.807],[-63.235,45.808],[-63.38,45.766],[-63.294,45.721],[-63.186,45.772],[-63.189,45.734],[-63.065,45.755],[-63.107,45.808],[-62.672,45.767],[-62.753,45.758],[-62.636,45.714],[-62.775,45.671],[-62.791,45.638],[-62.743,45.654],[-62.743,45.611],[-62.703,45.652],[-62.65,45.628],[-62.675,45.671],[-62.609,45.684],[-62.473,45.655],[-62.509,45.616],[-62.486,45.603],[-62.356,45.671],[-62.424,45.673],[-62.25,45.708],[-61.917,45.885],[-61.881,45.686],[-61.724,45.62],[-61.632,45.637],[-61.655,45.624],[-61.618,45.61],[-61.564,45.673],[-61.471,45.682],[-61.332,45.54],[-61.229,45.501],[-61.249,45.447],[-61.481,45.367],[-61.457,45.343],[-61.257,45.334],[-60.97,45.321],[-60.97,45.269],[-61.036,45.293],[-61.023,45.256],[-61.077,45.219],[-61.139,45.21],[-61.121,45.271],[-61.171,45.255],[-61.167,45.203],[-61.204,45.246],[-61.268,45.254],[-61.36,45.209],[-61.349,45.174],[-61.458,45.144],[-61.595,45.143],[-61.696,45.177],[-61.638,45.12],[-61.672,45.114],[-61.642,45.084],[-61.819,45.104],[-61.813,45.073],[-61.859,45.075],[-61.834,45.051],[-61.883,45.024],[-61.932,45.046],[-62.051,45.006],[-61.981,44.983],[-62.24,44.958],[-62.337,44.921],[-62.338,44.888],[-62.381,44.913],[-62.457,44.829],[-62.476,44.895],[-62.515,44.851],[-62.551,44.861],[-62.535,44.798],[-62.611,44.839],[-62.653,44.791],[-62.801,44.778],[-62.825,44.744],[-62.796,44.723],[-62.84,44.711],[-62.928,44.733],[-62.997,44.703],[-63.003,44.765],[-63.055,44.772],[-63.011,44.708],[-63.054,44.673],[-63.118,44.786],[-63.142,44.688],[-63.163,44.725],[-63.212,44.673],[-63.245,44.732],[-63.24,44.676],[-63.283,44.627],[-63.403,44.641],[-63.406,44.683],[-63.451,44.672],[-63.412,44.632],[-63.439,44.59],[-63.658,44.715],[-63.64,44.673],[-63.562,44.632],[-63.52,44.507],[-63.57,44.461],[-63.599,44.483],[-63.631,44.435],[-63.633,44.473],[-63.713,44.454],[-63.763,44.497],[-63.798,44.469],[-63.783,44.527],[-63.867,44.489],[-63.932,44.513],[-63.937,44.621],[-63.887,44.69],[-64.059,44.638],[-64.063,44.59],[-64.009,44.513],[-64.046,44.518],[-64.083,44.466],[-64.121,44.485],[-64.121,44.544],[-64.17,44.586],[-64.224,44.533],[-64.301,44.561],[-64.324,44.473],[-64.297,44.463],[-64.355,44.442],[-64.33,44.408],[-64.256,44.408],[-64.305,44.376],[-64.211,44.361],[-64.346,44.357],[-64.335,44.326],[-64.26,44.324],[-64.289,44.301],[-64.239,44.294],[-64.258,44.269],[-64.319,44.264],[-64.43,44.338],[-64.358,44.288],[-64.363,44.256],[-64.428,44.228],[-64.494,44.14],[-64.604,44.156],[-64.616,44.133],[-64.543,44.116],[-64.556,44.077],[-64.715,44.052],[-64.663,44.023],[-64.666,43.99],[-64.845,43.921],[-64.785,43.867],[-64.82,43.864],[-64.835,43.825],[-64.907,43.878],[-64.88,43.833],[-64.906,43.8],[-64.966,43.872],[-64.928,43.802],[-64.965,43.751],[-65.04,43.826],[-65.008,43.746],[-65.025,43.708],[-65.074,43.698],[-65.083,43.752],[-65.122,43.693],[-65.124,43.67],[-65.152,43.687],[-65.138,43.744],[-65.18,43.706],[-65.237,43.798],[-65.256,43.77],[-65.223,43.707],[-65.285,43.669],[-65.326,43.697],[-65.332,43.768],[-65.337,43.735],[-65.368,43.734],[-65.325,43.674],[-65.36,43.605],[-65.338,43.549],[-65.45,43.599],[-65.404,43.502],[-65.449,43.559],[-65.486,43.518],[-65.481,43.464],[-65.568,43.57],[-65.657,43.49],[-65.725,43.502],[-65.739,43.573],[-65.755,43.549],[-65.783,43.571],[-65.775,43.688],[-65.793,43.611],[-65.818,43.63],[-65.86,43.804],[-65.874,43.763],[-65.932,43.827],[-65.962,43.774],[-65.982,43.843],[-66.004,43.84],[-65.965,43.73],[-66.02,43.691],[-66.033,43.74],[-66.062,43.716],[-66.08,43.768],[-66.123,43.74],[-66.136,43.799],[-66.108,43.841],[-66.147,43.824],[-66.168,43.863],[-66.149,44.011],[-66.211,44.095],[-66.134,44.229],[-66.118,44.338],[-65.841,44.574],[-65.943,44.577],[-66.19,44.383],[-66.191,44.423],[-66.103,44.5],[-65.785,44.69],[-65.753,44.605],[-65.684,44.616],[-65.428,44.776],[-65.721,44.667],[-65.754,44.677],[-65.741,44.707],[-64.861,45.139],[-64.434,45.257],[-64.393,45.303],[-64.489,45.335],[-64.327,45.303],[-64.368,45.197],[-64.353,45.165],[-64.385,45.145],[-64.359,45.097],[-64.324,45.139],[-64.244,45.123],[-64.157,45.056],[-64.156,44.978],[-64.103,44.992],[-64.098,45.057],[-64.198,45.117],[-64.152,45.192],[-63.854,45.269],[-63.789,45.311],[-63.539,45.333],[-63.47,45.29],[-63.466,45.326],[-63.36,45.36],[-63.755,45.398],[-63.883,45.35],[-63.923,45.388],[-64.069,45.41],[-64.385,45.366],[-64.563,45.411],[-64.701,45.368],[-64.698,45.326],[-64.76,45.289],[-64.763,45.326],[-64.815,45.348],[-64.937,45.326],[-64.909,45.418],[-64.458,45.674],[-64.436,45.739],[-64.375,45.792],[-64.296,45.818],[-64.335,45.74],[-64.266,45.761],[-64.302,45.772],[-64.272,45.835],[-64.154,45.968],[-64.042,45.991]]]]},"properties":{"name":"Nova Scotia"}},{"type":"Feature","geometry":{"type":"MultiPolygon","coordinates":[[[[-102.001,59.999],[-102.0,59.918],[-102.001,58.128],[-102.001,58.034],[-102.001,57.868],[-102.0,57.497],[-102.001,57.259],[-102.001,57.013],[-102.0,56.366],[-102.001,56.221],[-102.0,55.83],[-101.967,55.76],[-101.967,55.671],[-101.967,55.467],[-101.925,55.466],[-101.925,55.117],[-101.883,55.116],[-101.883,54.767],[-101.851,54.766],[-101.851,54.535],[-101.851,54.417],[-101.811,54.416],[-101.81,54.066],[-101.771,54.066],[-101.772,54.002],[-101.742,53.369],[-101.7,53.368],[-101.672,52.67],[-101.639,52.671],[-101.639,52.322],[-101.612,52.322],[-101.613,51.969],[-101.567,51.97],[-101.544,50.95],[-101.514,50.949],[-101.514,50.595],[-101.484,50.589],[-101.483,50.241],[-101.453,50.241],[-101.453,49.888],[-101.426,49.888],[-101.425,49.534],[-101.4,49.533],[-101.4,49.177],[-101.367,49.177],[-101.367,49],[-101.5,49],[-102.021,49],[-102.937,49],[-104.062,49],[-105.062,49],[-106.125,49],[-107.187,49],[-108.25,49],[-109.5,49],[-110.001,49],[-110.0,54.005],[-110.0,54.449],[-110.0,54.624],[-110.0,54.769],[-110.0,56.276],[-110.0,56.362],[-110.0,58.968],[-110.0,59.309],[-110.0,59.995],[-107.113,59.994],[-106.255,59.999],[-106.044,59.999],[-105.859,59.999],[-105.541,60],[-104.709,59.999],[-104.27,59.999],[-102.001,59.999]]]]},"properties":{"name":"Saskatchewan"}},{"type":"Feature","geometry":{"type":"MultiPolygon","coordinates":[[[[-114.06,49],[-114.035,49.031],[-114.156,49.103],[-114.154,49.148],[-114.225,49.188],[-114.372,49.204],[-114.376,49.256],[-114.429,49.265],[-114.476,49.341],[-114.576,49.389],[-114.599,49.442],[-114.576,49.556],[-114.689,49.547],[-114.738,49.608],[-114.679,49.632],[-114.636,49.727],[-114.626,49.797],[-114.687,49.913],[-114.684,49.957],[-114.643,49.977],[-114.658,50.065],[-114.724,50.125],[-114.754,50.288],[-114.793,50.334],[-114.77,50.358],[-114.836,50.396],[-115.016,50.575],[-115.101,50.588],[-115.218,50.546],[-115.32,50.638],[-115.283,50.658],[-115.311,50.706],[-115.346,50.732],[-115.395,50.716],[-115.419,50.754],[-115.527,50.791],[-115.647,50.854],[-115.571,50.903],[-115.618,50.969],[-115.759,51.035],[-115.776,51.073],[-115.957,51.103],[-116.016,51.138],[-116.026,51.216],[-116.06,51.246],[-116.262,51.316],[-116.306,51.388],[-116.305,51.461],[-116.379,51.488],[-116.399,51.544],[-116.466,51.566],[-116.488,51.613],[-116.595,51.657],[-116.597,51.716],[-116.658,51.796],[-116.746,51.799],[-116.815,51.75],[-116.812,51.715],[-116.919,51.709],[-117.039,51.908],[-117.269,52.044],[-117.318,52.181],[-117.363,52.138],[-117.6,52.13],[-117.687,52.196],[-117.76,52.2],[-117.829,52.272],[-117.731,52.344],[-117.754,52.403],[-117.902,52.424],[-118.005,52.487],[-118.047,52.404],[-118.145,52.398],[-118.223,52.365],[-118.259,52.442],[-118.208,52.48],[-118.286,52.527],[-118.281,52.565],[-118.349,52.618],[-118.305,52.674],[-118.346,52.743],[-118.428,52.786],[-118.415,52.836],[-118.491,52.897],[-118.625,52.884],[-118.679,52.97],[-118.669,53.034],[-118.781,53.055],[-118.759,53.124],[-118.978,53.237],[-119.012,53.223],[-119.013,53.144],[-119.045,53.137],[-119.265,53.196],[-119.348,53.275],[-119.385,53.361],[-119.606,53.378],[-119.738,53.395],[-119.778,53.446],[-119.842,53.518],[-119.902,53.52],[-119.882,53.56],[-119.932,53.607],[-119.768,53.603],[-119.735,53.634],[-119.81,53.707],[-119.921,53.718],[-119.904,53.778],[-120.0,53.808],[-120.0,54.005],[-119.982,59.988],[-110.0,59.995],[-110.0,59.309],[-110.0,58.968],[-110.0,56.362],[-110.0,56.276],[-110.0,54.769],[-110.0,54.624],[-110.0,54.449],[-110.0,54.005],[-110.001,49],[-110.75,49],[-111.281,49],[-112.187,49],[-114.06,49]]]]},"properties":{"name":"Alberta"}},{"type":"Feature","geometry":{"type":"MultiPolygon","coordinates":[[[[-63.989,46.393],[-64.135,46.416],[-64.105,46.445],[-64.113,46.534],[-64.058,46.569],[-64.071,46.635],[-64.133,46.591],[-64.223,46.629],[-64.387,46.62],[-64.416,46.681],[-64.226,46.906],[-63.998,47.061],[-63.967,46.891],[-64.091,46.778],[-64.067,46.749],[-63.974,46.742],[-63.98,46.714],[-63.882,46.645],[-63.904,46.603],[-63.832,46.617],[-63.833,46.577],[-63.937,46.476],[-63.831,46.516],[-63.811,46.495],[-63.84,46.464],[-63.709,46.437],[-63.7,46.466],[-63.74,46.496],[-63.7,46.515],[-63.723,46.543],[-63.647,46.567],[-63.49,46.524],[-63.496,46.488],[-63.454,46.461],[-63.422,46.495],[-63.457,46.509],[-63.32,46.492],[-63.238,46.399],[-63.21,46.429],[-62.587,46.425],[-62.692,46.456],[-62.477,46.477],[-62.166,46.486],[-61.97,46.456],[-62.173,46.349],[-62.285,46.377],[-62.272,46.338],[-62.357,46.355],[-62.334,46.311],[-62.4,46.306],[-62.359,46.282],[-62.373,46.262],[-62.494,46.271],[-62.437,46.251],[-62.424,46.215],[-62.585,46.232],[-62.498,46.182],[-62.589,46.206],[-62.568,46.186],[-62.603,46.177],[-62.534,46.167],[-62.542,46.122],[-62.478,46.12],[-62.513,46.142],[-62.473,46.15],[-62.446,46.09],[-62.573,46.034],[-62.459,46.006],[-62.746,45.948],[-62.882,45.995],[-62.935,46.045],[-62.896,46.064],[-63.03,46.06],[-62.922,46.092],[-62.868,46.134],[-62.885,46.155],[-62.959,46.128],[-62.944,46.189],[-62.985,46.195],[-62.983,46.173],[-63.122,46.211],[-62.962,46.319],[-63.122,46.237],[-63.195,46.269],[-63.172,46.224],[-63.273,46.195],[-63.219,46.181],[-63.173,46.211],[-63.14,46.186],[-63.261,46.138],[-63.481,46.217],[-63.591,46.211],[-63.698,46.249],[-63.812,46.332],[-63.785,46.339],[-63.8,46.372],[-63.714,46.354],[-63.765,46.38],[-63.744,46.394],[-63.889,46.397],[-63.929,46.424],[-63.989,46.393]]]]},"properties":{"name":"Prince Edward Island"}},{"type":"Feature","geometry":{"type":"MultiPolygon","coordinates":[[[[-139.121,69.529],[-139.252,69.579],[-139.332,69.566],[-139.133,69.647],[-138.867,69.588],[-139.023,69.58],[-139.121,69.529]]],[[[-123.816,59.994],[-125.0,60.003],[-133.791,60],[-134.151,59.999],[-134.639,60.0],[-134.906,60],[-138.938,59.997],[-139.188,60.088],[-139.068,60.352],[-139.676,60.34],[-139.979,60.187],[-140.45,60.309],[-140.521,60.222],[-140.995,60.307],[-140.996,61.894],[-141.0,65.84],[-141.002,68.428],[-141.003,69.642],[-140.396,69.596],[-139.888,69.616],[-139.272,69.508],[-139.143,69.51],[-138.957,69.407],[-138.751,69.346],[-138.6,69.236],[-138.518,69.254],[-138.449,69.229],[-138.395,69.293],[-138.446,69.288],[-138.378,69.304],[-138.329,69.234],[-138.177,69.159],[-137.378,69.001],[-137.419,68.988],[-137.255,68.948],[-137.01,68.947],[-136.745,68.875],[-136.419,68.9],[-136.446,68.873],[-136.445,67.715],[-136.421,67.655],[-136.241,67.62],[-136.157,67.507],[-136.205,67.406],[-136.116,67.382],[-136.142,67.359],[-136.091,67.302],[-136.134,67.226],[-136.236,67.173],[-136.198,67.143],[-136.222,67.064],[-136.164,67.003],[-133.831,67.003],[-134.046,66.984],[-134.092,66.955],[-133.908,66.908],[-133.763,66.806],[-133.84,66.727],[-133.757,66.685],[-133.771,66.644],[-133.586,66.564],[-133.69,66.531],[-133.629,66.445],[-133.75,66.447],[-133.768,66.373],[-133.824,66.316],[-133.57,66.278],[-133.563,66.155],[-133.673,66.116],[-133.704,66.071],[-133.603,66.051],[-133.629,65.974],[-133.407,65.943],[-133.147,66.024],[-132.939,66.028],[-132.908,65.996],[-132.993,65.923],[-132.869,65.91],[-132.605,66.031],[-132.542,66.021],[-132.51,65.978],[-132.342,65.981],[-132.334,65.946],[-132.525,65.897],[-132.573,65.848],[-132.286,65.715],[-132.174,65.591],[-132.273,65.546],[-132.327,65.434],[-132.521,65.363],[-132.555,65.283],[-132.78,65.229],[-132.714,65.199],[-132.787,65.187],[-132.701,65.153],[-132.576,65.19],[-132.527,65.162],[-132.556,65.118],[-132.539,65.093],[-132.381,65.084],[-132.333,65.034],[-132.507,64.964],[-132.487,64.87],[-132.622,64.826],[-132.57,64.772],[-132.368,64.778],[-132.163,64.701],[-132.046,64.695],[-131.915,64.582],[-131.702,64.535],[-131.687,64.498],[-131.803,64.438],[-131.818,64.378],[-131.593,64.368],[-131.427,64.416],[-131.388,64.467],[-131.141,64.424],[-131.001,64.33],[-131.06,64.279],[-130.979,64.265],[-130.937,64.209],[-130.867,64.187],[-130.947,64.137],[-130.853,64.072],[-130.863,64.043],[-130.751,64.046],[-130.778,64.009],[-130.755,63.986],[-130.581,63.924],[-130.522,63.934],[-130.37,63.843],[-130.119,63.808],[-130.103,63.764],[-130.282,63.737],[-130.321,63.695],[-130.251,63.666],[-130.109,63.703],[-130.082,63.688],[-130.11,63.664],[-130.093,63.63],[-129.948,63.613],[-129.957,63.585],[-129.898,63.572],[-129.819,63.483],[-129.897,63.452],[-129.919,63.372],[-130.073,63.336],[-130.138,63.31],[-130.151,63.265],[-130.044,63.269],[-129.978,63.203],[-129.9,63.197],[-129.835,63.114],[-129.847,63.086],[-129.637,63.08],[-129.598,63.051],[-129.705,62.952],[-129.726,62.914],[-129.702,62.892],[-129.773,62.874],[-129.63,62.76],[-129.625,62.704],[-129.516,62.672],[-129.523,62.643],[-129.487,62.618],[-129.567,62.574],[-129.417,62.584],[-129.172,62.481],[-129.308,62.421],[-129.215,62.377],[-129.31,62.326],[-129.282,62.267],[-129.199,62.216],[-129.293,62.156],[-129.122,62.116],[-128.984,62.136],[-128.765,62.058],[-128.677,62.125],[-128.546,62.122],[-128.375,62.027],[-128.388,61.993],[-128.279,61.948],[-128.196,61.844],[-128.08,61.849],[-128.006,61.732],[-127.972,61.688],[-127.55,61.511],[-127.288,61.519],[-127.141,61.466],[-127.125,61.401],[-127.059,61.363],[-127.007,61.184],[-127.031,61.15],[-127.013,61.128],[-127.101,61.07],[-127.055,61.039],[-126.935,61.059],[-126.939,61.002],[-126.898,60.941],[-126.925,60.862],[-126.879,60.829],[-126.886,60.782],[-126.826,60.755],[-126.753,60.782],[-126.672,60.743],[-126.52,60.814],[-126.394,60.776],[-126.253,60.788],[-126.217,60.819],[-126.244,60.85],[-126.202,60.863],[-126.113,60.862],[-126.107,60.817],[-126.009,60.803],[-125.957,60.877],[-125.887,60.896],[-125.711,60.827],[-125.37,60.782],[-125.184,60.848],[-125,60.86],[-124.871,60.858],[-124.877,60.917],[-124.813,60.972],[-124.578,60.953],[-124.476,60.79],[-124.619,60.709],[-124.614,60.668],[-124.459,60.569],[-124.418,60.479],[-124.206,60.457],[-124.195,60.328],[-123.974,60.098],[-124.029,60.023],[-123.876,60.041],[-123.816,59.994]]]]},"properties":{"name":"Yukon Territory"}},{"type":"Feature","geometry":{"type":"MultiPolygon","coordinates":[[[[-102.001,59.999],[-100.039,59.999],[-99.626,59.999],[-94.8,59.999],[-94.822,59.954],[-94.768,59.782],[-94.819,59.636],[-94.761,59.57],[-94.793,59.541],[-94.727,59.446],[-94.71,59.371],[-94.736,59.342],[-94.658,59.35],[-94.775,59.293],[-94.794,59.087],[-94.934,59.084],[-94.996,59.053],[-94.804,59.061],[-94.804,59.014],[-94.679,58.971],[-94.745,58.833],[-94.675,58.878],[-94.586,58.874],[-94.482,58.811],[-94.421,58.716],[-94.326,58.721],[-94.276,58.78],[-94.203,58.804],[-94.239,58.738],[-94.202,58.679],[-94.271,58.633],[-94.306,58.563],[-94.287,58.438],[-94.328,58.393],[-94.363,58.218],[-94.228,58.396],[-94.246,58.586],[-94.14,58.733],[-94.177,58.771],[-93.501,58.771],[-93.466,58.719],[-93.4,58.7],[-93.319,58.758],[-93.152,58.737],[-93.118,58.508],[-92.931,58.211],[-92.852,58.164],[-92.868,58.143],[-92.803,58.057],[-92.749,57.86],[-92.781,57.834],[-92.728,57.82],[-92.6,57.648],[-92.554,57.539],[-92.45,57.442],[-92.418,57.337],[-92.441,57.23],[-92.576,57.056],[-92.715,56.947],[-92.876,56.907],[-92.691,56.933],[-92.443,57.044],[-92.212,57.058],[-92.466,56.932],[-92.18,57.03],[-91.001,57.261],[-90.451,57.193],[-90,57.016],[-89.179,56.868],[-89.305,56.627],[-90.843,55.667],[-92.388,54.627],[-92.476,54.566],[-92.602,54.478],[-92.698,54.41],[-93.272,53.998],[-93.652,53.722],[-95.15,52.826],[-95.154,49.576],[-95.153,49.452],[-95.151,49.371],[-95.157,49],[-95.276,49],[-96.406,49],[-97.229,49],[-97.937,49],[-99,49],[-99.533,49],[-100.187,49],[-101.367,49],[-101.367,49.177],[-101.4,49.177],[-101.4,49.533],[-101.425,49.534],[-101.426,49.888],[-101.453,49.888],[-101.453,50.241],[-101.483,50.241],[-101.484,50.589],[-101.514,50.595],[-101.514,50.949],[-101.544,50.95],[-101.567,51.97],[-101.613,51.969],[-101.612,52.322],[-101.639,52.322],[-101.639,52.671],[-101.672,52.67],[-101.7,53.368],[-101.742,53.369],[-101.772,54.002],[-101.771,54.066],[-101.81,54.066],[-101.811,54.416],[-101.851,54.417],[-101.851,54.535],[-101.851,54.766],[-101.883,54.767],[-101.883,55.116],[-101.925,55.117],[-101.925,55.466],[-101.967,55.467],[-101.967,55.671],[-101.967,55.76],[-102.0,55.83],[-102.001,56.221],[-102.0,56.366],[-102.001,57.013],[-102.001,57.259],[-102.0,57.497],[-102.001,57.868],[-102.001,58.034],[-102.001,58.128],[-102.0,59.918],[-102.001,59.999]]]]},"properties":{"name":"Manitoba"}},{"type":"Feature","geometry":{"type":"MultiPolygon","coordinates":[[[[-79.547,51.46],[-79.539,51.191],[-79.537,50.982],[-79.624,51.035],[-79.678,51.054],[-79.752,51.184],[-79.68,51.298],[-79.698,51.401],[-79.547,51.46]]],[[[-79.537,50.958],[-79.52,48.764],[-79.519,48.605],[-79.511,47.565],[-79.576,47.441],[-79.439,47.265],[-79.443,47.11],[-79.305,46.94],[-79.155,46.812],[-78.95,46.511],[-78.755,46.4],[-78.703,46.337],[-77.68,46.183],[-77.554,46.151],[-77.321,46.026],[-77.278,45.937],[-77.206,45.877],[-77.002,45.79],[-76.92,45.806],[-76.91,45.889],[-76.804,45.864],[-76.783,45.761],[-76.71,45.712],[-76.666,45.59],[-76.607,45.552],[-76.337,45.455],[-76.184,45.521],[-76.076,45.513],[-75.847,45.372],[-75.453,45.523],[-74.875,45.641],[-74.646,45.635],[-74.396,45.564],[-74.479,45.316],[-74.324,45.201],[-74.433,45.149],[-74.506,45.071],[-74.736,44.992],[-74.968,44.948],[-75.329,44.81],[-75.758,44.517],[-75.759,44.517],[-75.778,44.519],[-75.976,44.383],[-76.503,44.227],[-76.688,44.216],[-76.984,44.071],[-77.07,44.092],[-76.886,44.177],[-77.046,44.129],[-77.011,44.211],[-77.557,44.121],[-77.575,44.078],[-77.314,44.152],[-77.317,44.089],[-77.076,44.179],[-77.127,44.033],[-77.015,44.047],[-76.941,44.071],[-76.846,44.118],[-77.042,43.948],[-76.848,43.943],[-77.134,43.855],[-77.232,43.879],[-77.17,43.954],[-77.275,43.91],[-77.327,43.953],[-77.254,43.968],[-77.485,43.942],[-77.58,44.002],[-77.538,44.019],[-77.703,44.041],[-77.736,44.023],[-77.678,44.0],[-77.804,44.016],[-79.092,43.826],[-79.362,43.643],[-79.467,43.646],[-79.587,43.564],[-79.775,43.319],[-79.703,43.244],[-79.345,43.188],[-79.073,43.267],[-79.065,43.101],[-79.078,43.081],[-79.031,43.056],[-79.04,43.007],[-78.924,42.91],[-79.098,42.84],[-79.454,42.877],[-80.204,42.79],[-80.45,42.612],[-80.114,42.541],[-80.521,42.573],[-80.925,42.665],[-81.333,42.651],[-81.785,42.397],[-81.856,42.256],[-81.894,42.257],[-81.857,42.32],[-81.921,42.26],[-82.071,42.253],[-82.388,42.123],[-82.479,42.032],[-82.505,41.913],[-82.627,42.035],[-82.89,41.982],[-83.123,42.069],[-83.03,42.313],[-82.493,42.312],[-82.427,42.353],[-82.418,42.498],[-82.595,42.509],[-82.638,42.547],[-82.586,42.558],[-82.518,42.633],[-82.473,42.762],[-82.472,42.898],[-82.419,42.972],[-82.175,43.071],[-81.745,43.345],[-81.697,43.487],[-81.745,44.083],[-81.615,44.219],[-81.58,44.346],[-81.405,44.437],[-81.268,44.616],[-81.349,44.973],[-81.433,44.982],[-81.591,45.152],[-81.576,45.192],[-81.72,45.215],[-81.695,45.264],[-81.283,45.249],[-81.325,45.157],[-81.265,45.104],[-81.253,45.001],[-81.11,44.96],[-81.15,44.911],[-80.948,44.963],[-81.132,44.758],[-80.997,44.809],[-80.892,44.791],[-80.942,44.595],[-80.805,44.702],[-80.649,44.726],[-80.584,44.612],[-80.089,44.468],[-79.997,44.556],[-79.987,44.682],[-80.113,44.752],[-80.103,44.819],[-79.945,44.865],[-79.877,44.768],[-79.659,44.751],[-79.721,44.787],[-79.683,44.879],[-79.736,44.865],[-79.737,44.803],[-79.783,44.817],[-79.828,44.936],[-79.914,44.944],[-79.934,45.013],[-80.099,45.123],[-79.988,45.148],[-80.129,45.237],[-80.037,45.314],[-80.059,45.382],[-80.127,45.411],[-80.192,45.375],[-80.164,45.339],[-80.233,45.341],[-80.335,45.435],[-80.349,45.382],[-80.4,45.606],[-80.501,45.569],[-80.748,45.921],[-81.043,45.956],[-81.155,45.925],[-81.168,46.017],[-81.25,45.957],[-81.497,45.974],[-81.497,46.02],[-81.67,45.946],[-81.576,45.996],[-81.644,46.014],[-81.503,46.041],[-81.703,46.018],[-81.543,46.059],[-81.621,46.123],[-81.743,46.068],[-81.761,46.013],[-81.777,46.063],[-81.714,46.104],[-82.135,46.116],[-82.369,46.165],[-82.322,46.19],[-82.674,46.164],[-82.63,46.217],[-82.986,46.172],[-83.865,46.295],[-83.883,46.334],[-84.049,46.326],[-84.119,46.375],[-84.075,46.503],[-84.127,46.529],[-84.136,46.534],[-84.173,46.552],[-84.412,46.503],[-84.433,46.499],[-84.517,46.482],[-84.59,46.565],[-84.421,46.696],[-84.465,46.758],[-84.548,46.699],[-84.544,46.825],[-84.393,46.832],[-84.351,46.882],[-84.446,46.938],[-84.576,46.943],[-84.603,46.901],[-84.777,46.981],[-84.653,47.225],[-84.578,47.288],[-84.624,47.361],[-85.027,47.611],[-84.967,47.68],[-84.991,47.716],[-84.892,47.789],[-84.931,47.855],[-84.844,47.949],[-85.557,47.925],[-85.86,47.985],[-86.131,48.241],[-86.262,48.584],[-86.434,48.777],[-86.552,48.732],[-86.703,48.81],[-86.855,48.75],[-86.97,48.809],[-87.003,48.774],[-87.289,48.767],[-87.443,48.843],[-87.547,48.833],[-87.575,48.885],[-87.649,48.863],[-87.955,48.95],[-88.035,49.022],[-88.183,48.965],[-88.261,48.992],[-88.253,48.872],[-88.105,48.787],[-88.103,48.711],[-88.204,48.606],[-88.252,48.594],[-88.229,48.636],[-88.283,48.603],[-88.332,48.657],[-88.312,48.581],[-88.391,48.54],[-88.43,48.573],[-88.482,48.47],[-88.559,48.43],[-88.59,48.49],[-88.556,48.546],[-88.35,48.678],[-88.313,48.76],[-88.36,48.836],[-88.48,48.854],[-88.547,48.764],[-88.509,48.716],[-88.551,48.698],[-88.539,48.645],[-88.624,48.624],[-88.632,48.522],[-88.693,48.507],[-88.74,48.369],[-88.938,48.314],[-88.759,48.58],[-89.138,48.484],[-89.243,48.388],[-89.198,48.324],[-89.337,48.116],[-89.53,48.001],[-89.749,48.026],[-89.9,47.992],[-89.986,48.023],[-90.026,48.086],[-90.145,48.112],[-90.556,48.092],[-90.567,48.121],[-90.743,48.088],[-90.864,48.254],[-91.027,48.195],[-91.239,48.081],[-91.571,48.043],[-91.568,48.104],[-91.703,48.114],[-91.711,48.196],[-91.788,48.206],[-91.979,48.25],[-92.035,48.355],[-92.125,48.366],[-92.275,48.352],[-92.3,48.298],[-92.276,48.244],[-92.369,48.22],[-92.473,48.357],[-92.456,48.402],[-92.497,48.44],[-92.706,48.46],[-92.698,48.494],[-92.626,48.502],[-92.641,48.54],[-92.728,48.54],[-92.946,48.628],[-93.091,48.626],[-93.304,48.637],[-93.457,48.592],[-93.465,48.549],[-93.513,48.534],[-93.78,48.511],[-93.812,48.525],[-93.843,48.624],[-94.23,48.652],[-94.292,48.707],[-94.43,48.71],[-94.57,48.713],[-94.694,48.777],[-94.681,48.877],[-94.831,49.33],[-95.151,49.371],[-95.153,49.452],[-95.154,49.576],[-95.15,52.826],[-93.652,53.722],[-93.272,53.998],[-92.698,54.41],[-92.602,54.478],[-92.476,54.566],[-92.388,54.627],[-90.843,55.667],[-89.305,56.627],[-89.179,56.868],[-89.037,56.836],[-88.879,56.858],[-88.654,56.696],[-88.489,56.642],[-88.353,56.553],[-87.975,56.437],[-87.943,56.377],[-87.723,56.203],[-87.708,56.156],[-87.583,56.076],[-87.615,56.002],[-87.548,56.049],[-87.351,55.992],[-87.362,55.946],[-86.979,55.931],[-86.958,55.905],[-86.477,55.808],[-86.277,55.728],[-85.944,55.697],[-85.577,55.562],[-85.393,55.408],[-85.128,55.346],[-85.121,55.303],[-85.214,55.273],[-85.398,55.1],[-85.383,55.063],[-85.423,54.99],[-85.194,55.244],[-85.001,55.296],[-84.599,55.241],[-84.322,55.289],[-84.092,55.271],[-83.92,55.319],[-83.73,55.259],[-83.736,55.215],[-83.686,55.244],[-83.601,55.224],[-83.561,55.13],[-83.583,55.229],[-83.698,55.283],[-83.179,55.197],[-82.964,55.233],[-82.895,55.171],[-82.946,55.106],[-82.884,55.153],[-82.65,55.169],[-82.555,55.139],[-82.536,55.164],[-82.319,55.064],[-82.338,55.099],[-82.308,55.121],[-82.34,55.164],[-82.245,55.102],[-82.287,55.036],[-82.254,54.975],[-82.27,54.931],[-82.195,54.844],[-82.358,54.5],[-82.441,54.361],[-82.434,54.209],[-82.362,54.143],[-82.381,54.118],[-82.321,54.123],[-82.243,54.068],[-82.129,53.799],[-82.216,53.603],[-82.114,53.273],[-82.25,53.211],[-82.301,52.961],[-82.101,52.879],[-81.973,52.78],[-81.988,52.762],[-81.921,52.682],[-81.558,52.456],[-81.553,52.352],[-81.478,52.302],[-81.561,52.316],[-81.747,52.251],[-81.822,52.254],[-81.883,52.187],[-81.758,52.239],[-81.501,52.233],[-81.352,52.101],[-80.988,52.008],[-80.899,51.895],[-80.815,51.879],[-80.599,51.713],[-80.515,51.524],[-80.436,51.464],[-80.424,51.363],[-80.487,51.336],[-80.652,51.278],[-80.75,51.177],[-80.844,51.15],[-81.015,51.028],[-80.932,51.049],[-80.943,51.007],[-80.862,51.116],[-80.694,51.156],[-80.53,51.283],[-80.392,51.338],[-79.996,51.254],[-79.741,51.123],[-79.684,51.045],[-79.537,50.958]]],[[[-82.878,45.968],[-82.809,45.992],[-82.842,45.92],[-82.757,45.844],[-82.592,45.849],[-82.539,45.785],[-82.509,45.848],[-82.586,45.902],[-82.299,45.991],[-82.167,45.837],[-82.048,45.964],[-81.927,45.978],[-81.888,45.949],[-81.908,45.891],[-81.82,45.88],[-81.847,45.785],[-81.799,45.732],[-81.683,45.904],[-81.655,45.861],[-81.707,45.798],[-81.587,45.799],[-81.719,45.606],[-81.863,45.52],[-81.994,45.559],[-81.898,45.577],[-81.761,45.701],[-82.065,45.558],[-82.689,45.793],[-83.213,45.873],[-83.186,45.964],[-83.091,45.919],[-83.054,45.96],[-82.983,45.93],[-82.878,45.968]]]]},"properties":{"name":"Ontario"}}]}